id,domain,status,purchase_price,renewal_price,attractiveness,demand,length,registrar,created_at,expires_at,status_verified_at
94f6b81a-66bd-466b-8493-c5b750b7d05a,lawfully.agency,available,5.99,39.99,medium,low,8,name.com,,,13/08/2026 19:09
7b8b099f-c223-4583-a894-af305870ed84,friar.agency,available,4.98,41.98,medium,low,5,namecheap,,,24/08/2026 20:10
e2e4e07b-be2b-445a-83df-e26219f32d26,wires.agency,available,4.34,25.04,medium,low,5,spaceship,,,28/09/2026 04:36
c3eda68e-d03f-4140-88d7-fa64783f1e04,trophic.agency,available,4.98,41.98,medium,low,7,namecheap,,,11/09/2026 20:22
6e2f3673-b786-4088-9990-50ec85a01b90,chorale.agency,available,4.98,41.98,high,low,7,namecheap,,,12/08/2026 07:04
8d6f595b-0946-4aa0-ab2a-70474640a1d2,moderato.agency,available,4.98,41.98,medium,low,8,namecheap,,,25/08/2026 02:58
3f552c78-423a-4bbe-a4ae-488c62b8e703,sexes.agency,available,9.99,30.99,medium,low,5,namesilo,,,01/10/2026 15:53
2534595f-b1d0-456a-986e-b831afd2a895,numbly.agency,available,4.98,41.98,low,low,6,namecheap,,,15/09/2026 08:39
d73809f4-7b31-4b73-b0db-a786796f391d,dissection.agency,available,9.99,30.99,high,low,10,namesilo,,,24/09/2026 23:04
00f343f2-d19d-4954-8d37-38790f3b76a4,nonpublic.agency,available,4.98,41.98,medium,low,9,namecheap,,,03/09/2026 20:20
826fbb95-5d7b-4a1a-87c7-a1c0e0c34261,mosley.agency,available,9.99,30.99,medium,low,6,namesilo,,,29/09/2026 09:56
8e7ce550-0e56-488d-b417-98fdf09b203e,mansfield.agency,premium,23.6,23.6,medium,low,9,namesilo,,,25/09/2026 08:08
19bb1fd4-1811-4ed8-98bb-5a35d9200cdc,equivalence.agency,available,3.5,25.9,medium,low,11,dynadot,,,28/09/2026 21:10
64a15bef-9b1c-4bb9-ac0c-a60ca63c100c,talladega.agency,available,9.99,30.99,medium,low,9,namesilo,,,29/09/2026 22:45
54b9fee9-378a-4cd2-a53e-b4efce97b05d,zhou.agency,resell,,,high,low,4,"Sav.com, LLC - 24",21/05/2026 15:15,21/05/2027 15:15,26/09/2026 10:17
42411f36-fbaf-4779-bd6f-12724212785f,adductive.agency,available,4.98,41.98,medium,low,9,namecheap,,,
287c050c-552a-48fe-8f67-edc80bc7eeba,charioteer.agency,available,9.99,30.99,medium,low,10,namesilo,,,21/09/2026 04:25
77f45279-8862-4f32-8c6d-4fdc9cf236c9,aneurin.agency,available,9.99,30.99,medium,low,7,namesilo,,,19/09/2026 05:40
0ebfa3b8-395e-4350-a79a-0105dbc590b3,cordell.agency,available,3.5,25.9,medium,low,7,dynadot,,,01/10/2026 12:03
4ea38c6c-5102-4d2a-94ca-e761b7097fcd,drudgery.agency,available,4.98,41.98,medium,low,8,namecheap,,,08/09/2026 21:19
6dde55a0-5b01-438d-b69a-68ef75496bce,corrugated.agency,available,4.98,41.98,medium,low,10,namecheap,,,13/08/2026 02:13
ba9be2f0-14f2-47e3-a2b6-d72e8d723632,liner.agency,available,24.2,24.2,high,low,5,cloudflare,,,30/09/2026 02:08
f42589f6-0180-4639-aac0-15b9f199c18d,taxpaying.agency,available,4.98,41.98,medium,low,9,namecheap,,,11/09/2026 09:32
90dd3812-7178-4dda-81a3-720e2b534319,unhallowed.agency,available,4.98,41.98,low,low,10,namecheap,,,12/09/2026 11:49
50e36339-a2d5-407f-a840-7a2c67b2aa82,peggy.agency,available,9.99,30.99,high,low,5,namesilo,,,25/09/2026 13:02
9eea99d6-ff3e-4111-a02e-46819970d3ed,warn.agency,available,24.2,24.2,high,low,4,cloudflare,,,28/09/2026 03:18
42746dd2-0175-4ae8-a3ae-1d50b6d82fcf,pretext.agency,available,4.34,25.04,high,low,7,spaceship,,,30/09/2026 01:48
7dec0d6f-afe5-450b-ae61-b1ccf6134a6b,rainforest.agency,resell,,,high,low,10,,,,01/10/2026 21:25
42c0d2a1-b140-4278-90d8-af7d391b0708,identical.agency,available,9.99,30.99,high,low,9,namesilo,,,25/09/2026 07:23
8e0afdbe-ffb4-4902-997a-856f7b8be5b6,bethlehem.agency,available,4.98,41.98,high,low,9,namecheap,,,22/09/2026 18:15
ea1cc397-5d09-4a9b-9184-f5fa05c11dda,hundreds.agency,available,4.98,41.98,medium,low,8,namecheap,,,25/09/2026 20:33
20437cc3-80b0-4636-a5e7-04969e254652,washable.agency,available,4.98,41.98,high,low,8,namecheap,,,13/09/2026 08:29
bb41616f-eddb-4152-a0c1-01b9368076c3,guildford.agency,premium,23.6,23.6,medium,low,9,namesilo,,,29/09/2026 15:26
23d02c32-2a5d-4e9e-b031-1c984ef74ab1,abhorrence.agency,available,5.99,39.99,medium,low,10,name.com,,,16/09/2026 15:25
7e09f06a-861f-406e-9108-df72a61fb5c5,isabelle.agency,available,4.98,41.98,high,low,8,namecheap,,,28/09/2026 07:42
1fc20c17-23c9-4dcd-94e4-4f4b68d1b5e2,readily.agency,available,4.98,41.98,medium,low,7,namecheap,,,15/09/2026 21:42
dd12162b-cf8e-4c06-a48c-2a612e9ae623,etched.agency,available,4.98,41.98,high,low,6,namecheap,,,17/08/2026 07:41
ebd14e0d-850d-4d43-985e-bbcb5cd6172d,diocese.agency,available,9.99,30.99,high,low,7,namesilo,,,23/09/2026 21:58
ff24fa63-1c70-4cc4-801c-789cf2e0424f,cashier.agency,available,9.99,30.99,high,low,7,namesilo,,,22/09/2026 02:24
72740d48-c365-4239-92e9-21d21f41bfa8,freiburg.agency,available,4.98,41.98,high,low,8,namecheap,,,28/09/2026 03:48
4780e2b9-e259-492f-9ef5-f62138c07d36,fabrics.agency,available,24.2,24.2,medium,low,7,cloudflare,,,01/10/2026 18:20
5da895a4-b940-4214-97c6-494aeef231d2,blate.agency,available,4.98,41.98,medium,low,5,namecheap,,,10/08/2026 13:35
f5d39679-ff48-448b-afcf-b4e5693feb6d,jackass.agency,available,4.98,41.98,medium,low,7,namecheap,,,01/10/2026 01:11
479baa25-e497-461e-926c-97df073d4e20,organisms.agency,available,4.34,25.04,medium,low,9,spaceship,,,30/09/2026 23:35
ba0e7451-27fb-4aac-aabf-4ce41b5e9d41,novosibirsk.agency,premium,,,medium,low,11,,,,30/09/2026 05:10
92cfbe88-cac8-4d03-93cd-cc126bbddeff,biscay.agency,available,9.99,30.99,medium,low,6,namesilo,,,30/09/2026 13:34
a5376ce2-f3df-4fb6-ab59-84d9378fe0d7,inquisitive.agency,available,4.34,25.04,high,low,11,spaceship,,,01/10/2026 21:35
bc964edd-e0f1-4815-9dc6-186b93e52d56,paediatric.agency,available,4.98,41.98,medium,low,10,namecheap,,,04/09/2026 22:51
804ca9b5-a7fe-4601-8528-261cbdd99f67,barrier.agency,available,4.34,25.04,medium,low,7,spaceship,,,29/09/2026 01:15
e3086b7a-1190-4370-bef9-3ab64b489735,flaccid.agency,available,4.98,41.98,medium,low,7,namecheap,,,18/08/2026 06:07
26eec7ce-08e8-4d43-b34b-64f6b38d160f,stertorous.agency,available,4.98,41.98,low,low,10,namecheap,,,10/09/2026 20:21
339d6ee4-9930-4ce7-854f-100a3fa5a212,alleviant.agency,available,4.98,41.98,medium,low,9,namecheap,,,04/09/2026 23:46
2d342f7c-f9d4-44b1-a0fc-8edc7a638cb9,concludes.agency,available,3.5,25.9,medium,low,9,dynadot,,,29/09/2026 05:51
4f3f2bf3-3a5b-4ceb-ac4b-8cdaa33bf153,uneducated.agency,available,4.98,41.98,medium,low,10,namecheap,,,12/09/2026 08:53
fe26ecd5-a931-46ef-92b8-b765a955d152,quadruplex.agency,available,4.98,41.98,medium,low,10,namecheap,,,18/08/2026 13:26
b93f8e47-fdd3-4466-9abd-187189f00fe7,lxxxii.agency,available,4.98,41.98,medium,low,6,namecheap,,,
a8e1ca3d-b577-40bc-8153-7bfe6b62abfa,seemed.agency,available,9.99,30.99,medium,low,6,namesilo,,,18/09/2026 01:00
2967443a-fb97-4105-abb0-4beafca0f191,crap.agency,available,24.2,24.2,medium,low,4,cloudflare,,,29/09/2026 05:21
a579d90c-eb31-439e-8f00-943caf0973fe,undesigned.agency,available,4.98,41.98,medium,low,10,namecheap,,,12/09/2026 07:46
c7f71757-d473-4bdd-81ef-239f63e58d0d,unobvious.agency,available,4.98,41.98,medium,low,9,namecheap,,,12/09/2026 16:07
8f3751d1-e896-40bb-a0be-e8193cdfdb2a,lucca.agency,available,4.34,25.04,medium,low,5,spaceship,,,29/09/2026 21:45
559ce31e-ff74-4133-84c8-b157716006f4,flagfish.agency,available,4.98,41.98,medium,low,8,namecheap,,,18/09/2026 19:58
22fb39c8-b678-48e7-9366-bfff8c349284,wiggle.agency,available,9.5,,high,low,6,unstoppable,,,02/10/2026 05:31
804d5d5b-8ff3-488a-ae91-3e2fe30b85b6,alfatah.agency,available,9.99,30.99,medium,low,8,namesilo,,,18/09/2026 00:22
3181af6c-d160-4417-8926-11f32b8513f0,teenager.agency,available,5.99,39.99,high,low,8,name.com,,,21/09/2026 19:08
66864239-55b2-45ba-8e66-75df2fb91de9,rocky.agency,resell,,,high,low,5,"Sav.com, LLC - 3",17/01/2026 15:15,17/01/2027 15:15,26/09/2026 08:43
6884f1b5-5fa4-4633-ac61-f35bca2bd5fe,parnell.agency,available,3.6,25.23,medium,low,7,porkbun,,,28/09/2026 18:40
565a6751-ad19-439a-8e41-9f08cb7aae2a,biting.agency,available,4.98,41.98,medium,low,6,namecheap,,,08/08/2026 16:41
d95afe71-1fb6-460d-b3df-4cf9606a00eb,compactly.agency,available,4.98,41.98,medium,low,9,namecheap,,,14/09/2026 07:35
3c792d71-9fe8-4e2e-a56c-0032d9be27b8,crenshaw.agency,available,9.99,30.99,high,low,8,namesilo,,,30/09/2026 04:24
96eae4f3-635d-4af2-b231-9a370f05beec,undefiled.agency,available,4.98,41.98,medium,low,9,namecheap,,,12/09/2026 06:15
59ddcfc4-4f6a-4eba-8e38-fe173f824512,superstitious.agency,available,9.99,30.99,medium,low,13,namesilo,,,29/09/2026 14:38
a09b564f-9a23-476e-8fc3-c1b0f3f8e64c,bize.agency,available,4.98,41.98,medium,low,4,namecheap,,,23/09/2026 21:41
62e04af7-1ab1-44e8-bdeb-0afc19984b41,crazed.agency,available,4.98,41.98,medium,low,6,namecheap,,,13/08/2026 05:31
a5e3a495-acee-49c2-82e9-0eaa3a235a1b,panoplied.agency,available,4.98,41.98,medium,low,9,namecheap,,,06/08/2026 21:42
25e850e2-7258-44ff-9f6d-6d639553287a,pampering.agency,available,4.98,41.98,high,low,9,namecheap,,,05/09/2026 00:29
c8407415-c298-4448-8e2f-abf3bf6dbbc2,jacksonville.agency,resell,,,high,low,12,,,,30/09/2026 04:53
37d28625-d241-4150-9ea7-32bf4afddba4,grasp.agency,resell,,,high,low,5,"Sav.com, LLC - 22",26/08/2025 15:15,26/08/2027 15:15,26/09/2026 06:28
724179e7-4308-4c6b-8676-cc1965e26a42,aramaic.agency,available,4.98,41.98,medium,low,7,namecheap,,,06/08/2026 12:13
ece5c61b-2a53-4f65-aeeb-9df3479ee45d,bidder.agency,available,4.98,41.98,medium,low,6,namecheap,,,23/09/2026 13:43
2a03707a-a89f-49b9-b499-158ac1b0ded7,streetwise.agency,resell,,,high,low,10,"Sav.com, LLC - 48",25/09/2025 15:15,25/09/2027 15:15,28/09/2026 04:40
f358682e-ae2d-411b-bc97-e2b5d349bdfd,moreton.agency,premium,13,26,medium,low,7,namecheap,,,30/09/2026 12:45
ceca2c84-bd96-4eda-9794-21462aa3668d,extensively.agency,available,3.5,25.9,medium,low,11,dynadot,,,29/09/2026 20:59
e53acc57-d157-44e9-9136-be22ffbb56e3,rinse.agency,available,4.34,25.04,high,low,5,spaceship,,,01/10/2026 03:30
52834988-f61e-4995-9e2d-ebc296704ebe,asper.agency,available,9.99,30.99,medium,low,5,namesilo,,,20/09/2026 14:47
213bd1e4-94b7-48d9-97cc-3907e83c9ff7,isotopic.agency,available,4.98,41.98,medium,low,8,namecheap,,,22/08/2026 11:26
6b262b07-b125-448a-aeb9-41ee3594ba90,fuzzy.agency,resell,,,high,low,5,"Sav.com, LLC - 14",16/01/2026 15:15,16/01/2027 15:15,26/09/2026 06:18
a329c202-9e5d-497e-bb6c-571132d7d199,operating.agency,available,9.99,30.99,medium,low,9,namesilo,,,28/09/2026 08:05
dc1836b0-9dbc-444a-b1b7-0ff3e238af6e,ambrosial.agency,available,4.98,41.98,medium,low,9,namecheap,,,
195c05e6-0ffc-4cc5-b5e3-566a15d0cfde,silvio.agency,available,9.99,30.99,medium,low,6,namesilo,,,30/09/2026 00:38
0dee81cd-75d5-49b7-a736-cd80b1a5d220,bergson.agency,available,4.98,41.98,medium,low,7,namecheap,,,23/09/2026 09:22
5de7f28f-28a4-4c16-8e44-98f07580b29f,alberta.agency,resell,,,high,low,7,"Sav.com, LLC - 44",08/04/2026 15:15,08/04/2027 15:15,26/09/2026 01:28
f24fa617-2ae3-4725-b2cd-d60e99b3b493,burned.agency,available,4.98,41.98,medium,low,6,namecheap,,,23/09/2026 11:37
5467badf-15d4-44e3-92ac-53d291fd4cd9,bennet.agency,available,4.98,41.98,high,low,6,namecheap,,,23/09/2026 08:30
683cf786-926e-489f-b385-154ecd74434c,epitope.agency,available,5.99,39.99,medium,low,7,name.com,,,19/09/2026 14:25
94502db9-76c4-424b-a0ab-3e3d7b6d901d,capitalism.agency,available,9.99,30.99,high,low,10,namesilo,,,29/09/2026 07:23
185ae670-fcd3-4f20-9edc-6758fc74d204,radha.agency,available,24.2,24.2,medium,low,5,cloudflare,,,30/09/2026 21:08
064e53aa-223b-4298-8147-1a2c6d7f0fef,offend.agency,available,9.5,,medium,low,6,unstoppable,,,28/09/2026 18:28
36345da3-3ee0-49b7-acb3-7631724fe493,petal.agency,resell,,,high,low,5,,,,02/10/2026 04:53
48b57f33-bf5a-4190-9dca-f27dcd05cd0f,charity.agency,resell,,,high,low,7,"Sav.com, LLC - 49",03/12/2025 15:15,03/12/2026 15:15,26/09/2026 04:52
e534e4c3-9304-4055-ae60-b86975306d06,taxman.agency,available,9.99,30.99,medium,low,6,namesilo,,,24/09/2026 16:18
7739fcc1-6ba8-46a1-8f79-31d66def7a28,boots.agency,resell,,,high,low,5,"Spaceship, Inc.",22/02/2026 17:45,22/02/2027 17:45,01/10/2026 02:10
3fa3a06c-7f3e-455e-bb5a-a16642aaceb2,collections.agency,resell,,,medium,low,11,"GoDaddy.com, LLC",27/04/2014 16:05,27/04/2027 16:05,26/09/2026 05:06
b915426e-d430-45cc-8f59-fcef0668d765,fails.agency,available,9.99,30.99,low,low,5,namesilo,,,18/09/2026 00:27
c665d4bc-83b0-4f47-a6db-faa30fbe083d,cuttable.agency,available,4.98,41.98,medium,low,8,namecheap,,,12/08/2026 04:30
8b656e49-5b3f-4aca-a2f3-5667f0a875d5,recherche.agency,available,4.98,41.98,high,low,9,namecheap,,,09/09/2026 11:27
4da057d2-1371-4fca-b19d-1a822fd80a33,alcoholism.agency,available,4.98,41.98,medium,low,10,namecheap,,,18/09/2026 04:06
3265eb91-70f8-4425-8c76-d4025df75126,eolian.agency,available,4.98,41.98,medium,low,6,namecheap,,,
1f007085-de12-4f60-8fd0-a147c5c1feda,lashing.agency,available,4.98,41.98,medium,low,7,namecheap,,,22/08/2026 20:10
4904aa24-7448-4cc7-add2-dc9de7b358c2,bookmark.agency,resell,,,high,low,8,"Sav.com, LLC",31/12/2025 16:36,31/12/2026 16:36,26/09/2026 04:32
ffec7a53-1099-47bc-9cc5-a9b72384fea7,complication.agency,available,24.2,24.2,medium,low,12,cloudflare,,,29/09/2026 23:25
595060b5-2d74-4a38-a1a6-5c1a84c235bb,colonization.agency,available,9.99,30.99,medium,low,12,namesilo,,,02/10/2026 01:18
1a0894a5-c8a0-4960-a898-0015a607e858,previous.agency,available,4.34,25.04,high,low,8,spaceship,,,01/10/2026 02:56
135344bc-33a9-4f80-a2cf-64b0d34aee97,mchenry.agency,available,24.2,24.2,medium,low,7,cloudflare,,,29/09/2026 10:55
947f1c9e-a5e8-4aa0-a9bf-b488a8f1a4d4,notional.agency,available,4.98,41.98,high,low,8,namecheap,,,12/08/2026 20:01
8a246d3d-3d0d-419a-a7e9-031a43055560,dye.agency,premium,118.8,118.8,high,low,3,namesilo,,,29/09/2026 17:21
decbbf39-7410-4121-ba0b-d4c26a771d25,anathema.agency,available,4.98,41.98,medium,low,8,namecheap,,,19/09/2026 03:24
cdcda1e3-88d1-4239-8c13-5951abcc00b5,ejection.agency,available,4.34,25.04,high,low,8,spaceship,,,01/10/2026 01:50
826602e5-0681-4b39-b79e-6f0775daf239,believed.agency,available,9.99,30.99,medium,low,8,namesilo,,,17/09/2026 00:11
89d5fd06-0efd-4706-8157-aa5ec733e8cb,fordable.agency,available,4.98,41.98,medium,low,8,namecheap,,,18/08/2026 11:24
67c7c552-1873-4339-90f0-74ca0faff23d,licensing.agency,premium,10.55,20.9,high,low,9,spaceship,,,02/10/2026 01:34
fc5c8e11-73f3-4562-b8fb-051fb50341f5,oldham.agency,premium,23.6,23.6,medium,low,6,namesilo,,,28/09/2026 05:16
be0d39c3-43a5-47bb-a037-93048a88755c,audiotape.agency,available,9.99,30.99,high,low,9,namesilo,,,21/09/2026 03:01
1e2f6b2e-9d28-4195-8e60-2fd2df033734,whir.agency,available,4.98,41.98,medium,low,4,namecheap,,,13/09/2026 11:30
4c871900-e03a-4486-b837-5b17d1bed3d3,pan.agency,resell,,,high,low,3,"Sav.com, LLC - 48",09/07/2026 15:15,09/07/2027 15:15,29/09/2026 11:32
67a12c3b-a45a-44cb-964d-b85ef6fcd084,permutable.agency,available,4.98,41.98,medium,low,10,namecheap,,,08/09/2026 17:50
be1dfabd-b24b-43c9-892d-db734885303b,signify.agency,available,3.5,25.9,high,low,7,dynadot,,,30/09/2026 19:13
47490f2e-c312-42ef-81fc-7c48332c8db3,familial.agency,available,4.98,41.98,high,low,8,namecheap,,,17/08/2026 21:41
d6b40b0f-a594-47d0-90bf-47409230c82a,agreeing.agency,available,9.5,,high,low,8,unstoppable,,,28/09/2026 15:41
ca25b45e-f3b1-45ee-96b9-b43d3c899a2a,anemic.agency,available,4.98,41.98,medium,low,6,namecheap,,,
7a55c16b-7198-4c76-a5ef-e521f7ee4e9a,selfdefense.agency,available,9.5,,high,low,12,unstoppable,,,29/09/2026 10:35
9e5f3b51-673e-4a85-a0b2-caf4b69dcd65,hispanic.agency,resell,,,high,low,8,"Go France Domains, LLC",27/04/2014 16:00,27/04/2027 16:00,26/09/2026 06:40
b3f8ca87-19c4-4b03-9fc0-5cdf189f5e9d,dla.agency,premium,109.53,218.86,high,low,3,porkbun,,,01/10/2026 11:00
13795588-aed3-4928-a5b2-c728859ae2e3,minority.agency,available,4.34,25.04,high,low,8,spaceship,,,28/09/2026 14:53
cb93dfa8-b501-4ec9-acc4-5e426e621ac7,athanasius.agency,available,4.98,41.98,medium,low,10,namecheap,,,20/09/2026 20:26
311b1ffc-9dd3-4676-ae8c-709ff46c2879,joins.agency,available,4.34,25.04,medium,low,5,spaceship,,,29/09/2026 17:15
2f2e48f9-60cc-4339-b701-fe0b40b8f6ad,preschool.agency,available,4.34,25.04,high,low,9,spaceship,,,30/09/2026 14:27
a828ac26-7f51-4f93-9ac0-12a0a56cbdbc,sheffield.agency,premium,23.6,23.6,high,low,9,namesilo,,,01/10/2026 03:42
e9bf9258-61ab-4c28-9240-0c3d7e2389cb,fain.agency,resell,,,high,low,4,"GoDaddy.com, LLC",23/06/2026 00:33,23/06/2027 00:33,26/09/2026 05:59
e6f5777f-fd66-4861-81e2-26c3a9b17795,mouthy.agency,available,7.99,,medium,low,6,name.com,,,
7bad34a4-1051-4773-b5a8-5063b2cd35e8,marshals.agency,available,4.34,25.04,high,low,8,spaceship,,,30/09/2026 18:01
c4ceae3f-c028-4752-9398-183627f7d448,jacks.agency,premium,23.6,23.6,high,low,5,namesilo,,,30/09/2026 00:29
b8a67218-2d6f-44d8-8961-a6ca456f0347,tying.agency,available,9.99,30.99,high,low,5,namesilo,,,29/09/2026 08:16
d333e935-93c0-4c84-aa9d-166e0536430c,accumulated.agency,available,9.99,30.99,medium,low,11,namesilo,,,30/09/2026 22:32
9c8d8445-1510-48ec-abb8-315418379543,moldavia.agency,available,4.98,41.98,medium,low,8,namecheap,,,29/09/2026 13:27
5447161e-92e3-4974-a221-419a69535e77,seamed.agency,available,4.98,41.98,medium,low,6,namecheap,,,10/09/2026 00:45
b4b28d4e-b771-4db5-b36d-557423ac1865,untainted.agency,available,4.98,41.98,medium,low,9,namecheap,,,10/09/2026 18:22
6e3eacd1-e443-4d3d-96f9-009e18c3c4ad,likeness.agency,available,9.99,30.99,high,low,8,namesilo,,,18/09/2026 07:48
12bd8e68-51e0-4819-91e1-f3ba6da155b9,toured.agency,available,4.98,41.98,medium,low,6,namecheap,,,20/09/2026 05:39
9515c337-835a-46c6-b6e8-0f7292fe7884,screwy.agency,available,4.98,41.98,medium,low,6,namecheap,,,10/09/2026 00:08
53661f5f-3a78-470c-b7c0-3b319a1281fc,ambled.agency,available,9.99,30.99,medium,low,6,namesilo,,,20/09/2026 05:58
8d8384ec-2c72-4e59-b71c-2fd1bddb41ca,admass.agency,available,4.98,41.98,high,low,6,namecheap,,,17/09/2026 08:43
35271017-3098-4f8a-8f9e-540b525d6e8a,melanesian.agency,available,4.98,41.98,medium,low,10,namecheap,,,24/08/2026 19:29
9a99878a-9858-42fb-8bbd-daf9abb8d5a2,oppression.agency,available,9.5,,medium,low,10,unstoppable,,,29/09/2026 13:36
515c4bb6-643d-41e6-a856-896e9a9dbfca,mongoloid.agency,available,4.98,41.98,medium,low,9,namecheap,,,25/08/2026 04:49
9d26f6d5-7e77-4e11-a84c-bdf617d09efb,disordered.agency,available,4.98,41.98,medium,low,10,namecheap,,,14/08/2026 11:18
087a691b-519f-4476-852a-c1e29fccbd94,wilsonian.agency,available,4.98,41.98,medium,low,9,namecheap,,,13/09/2026 12:02
3c9f1fe1-1cec-479c-8b21-8de07cd744c6,fare.agency,resell,,,high,low,4,,,,28/09/2026 05:41
c1f40899-8135-4994-985b-8df351e0f913,anglomania.agency,available,9.99,30.99,medium,low,10,namesilo,,,19/09/2026 06:51
fddcb322-dbda-4565-8b6a-3c03dc362054,endangered.agency,available,4.98,41.98,medium,low,10,namecheap,,,17/08/2026 00:51
e4ed71ff-9cac-4933-b39e-7a48f78c4854,tumbling.agency,available,9.99,30.99,high,low,8,namesilo,,,17/09/2026 03:22
70f4ab48-0897-4d0e-978b-9966cea8ab41,cocksure.agency,available,4.98,41.98,medium,low,8,namecheap,,,12/08/2026 15:00
b6a747b5-4585-44ba-bb2f-7dd153185d6e,bigot.agency,available,9.99,30.99,medium,low,5,namesilo,,,23/09/2026 15:20
b1c3e9b3-6011-4699-ac5e-778fd6d9ac60,browne.agency,available,9.99,30.99,high,low,6,namesilo,,,20/09/2026 10:27
6ba76ef4-8cea-4b19-9e5c-33413979319e,nicholson.agency,available,4.98,41.98,high,low,9,namecheap,,,25/09/2026 15:56
cb3ec3c2-458e-4346-af45-7c06bd2c5e78,fucked.agency,available,24.2,24.2,medium,low,6,cloudflare,,,29/09/2026 21:06
8145185e-aefe-4498-a22c-79e8a04167f5,computers.agency,resell,,,high,low,9,"Sav.com, LLC - 35",27/08/2026 15:15,27/08/2027 15:15,01/10/2026 03:23
21e581da-cec0-467d-a68d-31e5e15d507a,lavender.agency,resell,,,high,low,8,"Sav.com, LLC - 10",17/07/2025 15:15,17/07/2027 15:15,26/09/2026 07:09
d0bf5835-e0a1-45bb-8f5e-bb841cede2ab,tore.agency,available,9.99,30.99,medium,low,4,namesilo,,,30/09/2026 03:02
0585b9ab-3bfb-4ebd-8c68-cec8355c47da,waffle.agency,resell,,,high,low,6,,,,02/10/2026 06:39
1263f886-acbd-45e8-84b7-c63e8270fce9,validly.agency,available,9.99,30.99,medium,low,7,namesilo,,,16/09/2026 10:42
e14388e6-e013-41bb-81ee-9b520205c06a,remover.agency,available,9.99,30.99,high,low,7,namesilo,,,30/09/2026 09:47
680ff0d0-9fee-4840-bcca-a725e77be320,josephus.agency,available,9.5,,medium,low,8,unstoppable,,,28/09/2026 09:47
f39f7c6e-50c2-4a3c-9dd7-eed33c8d6d6f,preposterous.agency,available,4.34,25.04,medium,low,12,spaceship,,,30/09/2026 19:43
47f800ef-9341-431d-a102-656f878365c6,andrade.agency,available,3.5,25.9,medium,low,7,dynadot,,,29/09/2026 10:57
20d6c8e3-db39-4822-8b89-33a060e10589,wheezing.agency,available,4.98,41.98,medium,low,8,namecheap,,,07/08/2026 09:25
d2024805-c89e-44ce-896c-38c3dfe4187b,fha.agency,available,4.98,41.98,high,low,3,namecheap,,,30/09/2026 17:17
6961632f-9940-4be4-8f92-cca7781c1ae2,leech.agency,available,4.98,41.98,medium,low,5,namecheap,,,24/09/2026 06:16
33444dfe-1257-46e9-acb5-36a7be0b04c4,paramedics.agency,available,9.99,30.99,medium,low,10,namesilo,,,30/09/2026 00:40
5a2313ee-d73c-46ab-bbb7-750960bf4025,sanford.agency,available,4.98,41.98,medium,low,7,namecheap,,,25/09/2026 16:16
597d29b3-f09c-4870-b98b-e0ac01b49194,trimmed.agency,available,4.98,41.98,high,low,7,namecheap,,,11/09/2026 20:02
2b5a3e93-20ec-4c5f-af76-5b136f88c18a,lordship.agency,available,4.34,25.04,medium,low,8,spaceship,,,28/09/2026 19:44
72000710-a301-4e4e-9d21-2204d0869449,crocodile.agency,resell,,,high,low,9,"Sav.com, LLC - 28",24/08/2026 15:15,24/08/2027 15:15,29/09/2026 12:11
ccf32f39-16a9-4c60-a652-34c3786abc85,changsha.agency,premium,10.55,20.9,medium,low,8,spaceship,,,02/10/2026 00:31
6d65ba7e-ea24-40a4-9359-fb328d453c01,apiculture.agency,available,4.98,41.98,medium,low,10,namecheap,,,19/09/2026 15:54
6822804a-2249-4c0e-80a6-57f0afbcdf73,stilwell.agency,available,4.34,25.04,medium,low,8,spaceship,,,01/10/2026 20:11
b96085b9-1d99-4cce-ace6-fab1f1b3518c,branchy.agency,available,4.98,41.98,medium,low,7,namecheap,,,11/08/2026 02:23
3911ab68-ac72-4b48-a1ba-19e9df13d411,mes.agency,resell,,,high,low,3,,,,29/09/2026 16:28
34b5f2e6-7a0f-4ccf-9da5-e9bca4321bc5,manufacture.agency,available,3.6,25.23,high,low,11,porkbun,,,28/09/2026 21:00
5c057469-77ce-4ab8-a657-b4da69ac3724,piddling.agency,available,4.98,41.98,medium,low,8,namecheap,,,18/08/2026 03:33
dda92b4b-6ec1-44b0-ae9a-9c23a52b3f78,neutrophils.agency,available,9.99,30.99,low,low,11,namesilo,,,30/09/2026 14:46
f74de537-c14c-4997-bda6-4858729f37f6,zhong.agency,available,9.99,30.99,medium,low,5,namesilo,,,30/09/2026 13:57
0b8b05a6-c79c-4301-b729-7e8faf09e668,barbel.agency,available,9.99,30.99,medium,low,6,namesilo,,,22/09/2026 04:47
8d490508-cbd9-487e-8189-96d3d49cf919,choky.agency,available,4.98,41.98,medium,low,5,namecheap,,,12/08/2026 06:42
ff16a2f4-32e7-4128-82af-bbdd6fbfb01e,ambiance.agency,available,9.99,30.99,high,low,8,namesilo,,,18/09/2026 16:40
82c54f0e-631e-425b-85fd-3ab4522dd586,else.agency,resell,,,high,low,4,"Sav.com, LLC - 18",15/08/2026 15:15,15/08/2027 15:15,30/09/2026 23:12
e488eb15-ae32-4724-9c9a-92f5a58d7c08,darcy.agency,available,9.99,30.99,high,low,5,namesilo,,,30/09/2026 00:47
b09b03e4-4504-4091-994e-11bdbef4de2f,seamus.agency,available,4.98,41.98,medium,low,6,namecheap,,,01/10/2026 23:52
4e670b85-64e8-45b6-a8dd-ccf8bccfe61e,whatnot.agency,available,,,high,low,8,,,,
8d5f9249-e82a-415d-a57e-907497c7b280,precisely.agency,available,4.98,41.98,medium,low,9,namecheap,,,04/09/2026 14:15
0687d72a-8180-4eb7-b09e-6957efcc751b,cantonal.agency,available,4.98,41.98,medium,low,8,namecheap,,,11/08/2026 17:44
a407f7ac-2dd4-4257-b785-837405365c97,gaon.agency,available,9.5,,high,low,4,unstoppable,,,30/09/2026 19:42
54c8c700-1e88-40c9-9ace-a027dee0092e,aquavit.agency,available,4.98,41.98,medium,low,7,namecheap,,,18/09/2026 00:16
c133fa5d-b669-4a9a-b703-49c55f49a411,oaten.agency,available,4.98,41.98,medium,low,5,namecheap,,,03/09/2026 23:28
b7dcb911-954d-450c-a7fc-73e46de6da87,guard.agency,resell,,,high,low,5,"Spaceship, Inc.",19/02/2025 15:15,19/02/2027 15:15,29/09/2026 21:40
01063d02-85c1-4a8a-bf22-433da2a7c103,acquainted.agency,available,24.2,24.2,high,low,10,cloudflare,,,28/09/2026 07:02
9254af51-e801-4a44-b496-0c4689b66a01,zaman.agency,available,4.98,41.98,high,low,5,namecheap,,,18/09/2026 03:15
d2122048-ca67-4a34-81ef-6d5fd30abf41,borrowed.agency,available,9.99,30.99,medium,low,8,namesilo,,,27/09/2026 09:49
117f4469-36b7-4d4f-84cd-b4d21fd93dac,autoimmune.agency,available,4.98,41.98,medium,low,10,namecheap,,,07/08/2026 20:32
05aab0d4-2dcc-4c40-9481-b23df8a8cc3f,clap.agency,resell,,,high,low,4,"Sav.com, LLC",20/08/2023 02:11,20/08/2027 02:11,29/09/2026 09:38
b67dba08-f1f3-48c9-a44b-fe38c99d06e6,merciless.agency,available,4.98,41.98,medium,low,9,namecheap,,,24/08/2026 20:36
8db0dfed-401f-4df8-bf1e-0fa6bd3a209b,acrylic.agency,available,9.99,30.99,high,low,7,namesilo,,,17/09/2026 04:05
d7af9e69-ed95-46ce-9cd0-716b3bdcdd01,adopted.agency,available,,,high,low,7,,,,
c4c11cd6-58a4-4773-ad55-ad9681a2b38d,leuven.agency,available,9.5,,medium,low,6,unstoppable,,,29/09/2026 15:09
6e546990-07e0-42bd-9e6f-bddf0000c5a7,masturbation.agency,available,24.2,24.2,medium,low,12,cloudflare,,,30/09/2026 14:21
fdb7d727-f9b7-4f98-b928-261be1fc5087,greyish.agency,available,4.98,41.98,medium,low,7,namecheap,,,20/08/2026 18:54
082f6fbc-f9c5-4028-b0ac-243c9fcf88f0,informer.agency,available,9.99,30.99,high,low,8,namesilo,,,23/09/2026 11:26
4258f596-1256-4897-8581-4afecaf6682a,lionel.agency,available,3.5,25.9,medium,low,6,dynadot,,,28/09/2026 16:08
44909e29-ea7c-4046-8a42-50aa344e9241,alcott.agency,available,9.99,30.99,medium,low,6,namesilo,,,18/09/2026 04:10
2a7eae3a-1edb-4a58-ac9b-043e03bb07a4,shakedown.agency,available,4.98,41.98,medium,low,9,namecheap,,,10/09/2026 05:40
146f9686-f2ad-44b2-b70c-1fe1f2c1f80d,usefully.agency,available,9.99,30.99,medium,low,8,namesilo,,,16/09/2026 10:28
bb9e70b2-c606-4639-9604-a24b195f5174,hdl.agency,available,4.98,41.98,medium,low,3,namecheap,,,18/09/2026 13:33
86157f58-f4f5-4165-8637-a01096c5b866,pack.agency,resell,,,high,low,4,"Sav.com, LLC - 40",14/02/2026 15:15,14/02/2027 15:15,26/09/2026 07:59
7ef46c7c-c3f4-439b-8171-137d42212ab4,jinx.agency,available,4.98,41.98,high,low,4,namecheap,,,21/08/2026 07:37
d63a3812-8acb-4208-80c0-853f31d7f304,offer.agency,resell,,,high,low,5,"Sav.com, LLC - 35",26/08/2026 15:15,26/08/2027 15:15,26/09/2026 07:52
1d5df64c-69f6-4504-b84b-55679917a6e0,viscid.agency,available,4.98,41.98,medium,low,6,namecheap,,,20/08/2026 15:23
65442b84-7594-4f9d-a6b7-f0b334fe696d,baronage.agency,available,4.98,41.98,medium,low,8,namecheap,,,22/09/2026 07:18
f9d2d1cb-1a76-4a80-8128-66b7c9297143,imminent.agency,available,4.98,41.98,medium,low,8,namecheap,,,21/08/2026 20:55
ae3b6a63-b623-4fe2-9f8e-1e208c7fd335,czechoslovak.agency,available,4.98,41.98,medium,low,12,namecheap,,,26/09/2026 03:18
f27935e4-ffcf-46bf-8167-ee15f4d20802,groomed.agency,available,4.98,41.98,high,low,7,namecheap,,,20/08/2026 20:15
e609ec15-1d69-469d-a7a9-42fc38e83518,marshes.agency,available,24.2,24.2,medium,low,7,cloudflare,,,02/10/2026 03:37
5109c648-befc-4a08-99be-bd7ec5d56a2b,club.agency,resell,,,high,medium,4,Unstoppable Domains Inc,12/12/2022 17:05,12/12/2026 17:05,29/09/2026 00:44
a54f1d89-ee8e-4bab-8c81-a1665defda77,agrarian.agency,available,4.98,41.98,high,low,8,namecheap,,,
7b1eef4d-9bd6-4812-b384-c5873e7d3b63,yerevan.agency,available,9.99,30.99,medium,low,7,namesilo,,,29/09/2026 11:51
043bb42a-61cd-4ca0-8a7b-9c2700abe076,addressed.agency,available,4.98,41.98,high,low,9,namecheap,,,
e218a7da-e96d-409a-9e51-ab5ed8fa2708,yoko.agency,available,9.99,30.99,high,low,4,namesilo,,,30/09/2026 22:00
e478634f-3464-4798-aa6e-e64eb8baff1a,elapsed.agency,available,4.98,41.98,medium,low,7,namecheap,,,16/08/2026 00:41
bf96f423-ba08-499c-9fde-933b3e611bdb,unprovable.agency,available,4.98,41.98,medium,low,10,namecheap,,,12/09/2026 17:29
3c0ff107-8131-41e1-adf8-324def6acb33,nauseating.agency,available,4.98,41.98,medium,low,10,namecheap,,,24/08/2026 08:23
3a7d8109-347e-4b9c-a41c-d6432b364baa,deprivation.agency,available,9.99,30.99,medium,low,11,namesilo,,,30/09/2026 05:47
08c5012d-e640-4bc8-94e6-89ba35f309f7,injurious.agency,available,4.98,41.98,medium,low,9,namecheap,,,14/08/2026 00:30
76c28b39-67e4-4c38-9daf-46dca420dbc2,wintry.agency,available,4.98,41.98,medium,low,6,namecheap,,,18/08/2026 16:31
5fb5725a-2e0e-4fba-9d39-f3a1fe75a096,tumors.agency,available,3.5,25.9,low,low,6,dynadot,,,30/09/2026 06:57
1131975a-4111-4f21-811a-944a8481f09e,combatant.agency,available,4.98,41.98,high,low,9,namecheap,,,09/08/2026 13:29
938bcb07-b20e-4e45-beef-f2b3f8913258,wilcox.agency,available,9.99,30.99,medium,low,6,namesilo,,,27/09/2026 01:45
b0789d68-f319-4bc8-a723-e55612a5dafe,chartreuse.agency,available,4.98,41.98,medium,low,10,namecheap,,,12/08/2026 02:57
67dfdbae-d1a8-4057-956c-84af5a9b5fed,recollection.agency,available,3.5,25.9,high,low,12,dynadot,,,30/09/2026 14:16
2f4b3ff3-da47-4727-887b-16cd5df71757,combustion.agency,available,4.98,41.98,high,low,10,namecheap,,,11/08/2026 10:57
b3d2f8fd-8433-4085-8e92-4d2e4cb584b8,wear.agency,resell,,,high,low,4,,,,27/09/2026 08:43
a521cb47-5dd3-4498-aafc-1e04fbe7fa09,parvenue.agency,available,4.98,41.98,medium,low,8,namecheap,,,03/09/2026 22:16
445eaeb9-557b-401a-a085-83d4b3bb1f94,controller.agency,resell,,,high,low,10,"Sav.com, LLC - 42",23/03/2026 15:15,23/03/2027 15:15,28/09/2026 06:44
c25046b4-6b62-4f24-9cbb-4ba5bbaccb45,sermons.agency,available,9.99,30.99,medium,low,7,namesilo,,,01/10/2026 17:38
35f4a145-651f-4b5b-8f35-4252c868e946,bifacial.agency,available,4.98,41.98,medium,low,8,namecheap,,,09/08/2026 19:57
0a9db9f3-6014-4d77-a722-14bac6be1fe0,reportable.agency,available,4.98,41.98,medium,low,10,namecheap,,,09/09/2026 14:36
ebaf9f11-6758-48d9-aadc-84f6b1902934,prosy.agency,available,4.98,41.98,medium,low,5,namecheap,,,08/09/2026 12:32
fec36368-d01d-4c9f-86a9-851cc67351c8,lewd.agency,available,4.98,41.98,high,low,4,namecheap,,,22/08/2026 20:07
6fd1e77f-b19c-4a3d-81bb-d352cfb787da,monkshood.agency,available,9.99,30.99,medium,low,9,namesilo,,,17/09/2026 02:11
4d9d6a84-e8b3-4429-ab7f-1596b4cc9c6e,diet.agency,resell,,,high,low,4,"Spaceship, Inc.",28/02/2025 15:15,28/02/2027 15:15,26/09/2026 05:33
f597c6ce-83e5-4707-9a11-0c07bb6d3b70,spawn.agency,resell,,,high,low,5,,,,30/09/2026 00:52
cb87d068-ffe4-48f2-8514-a0592cb01e18,bed.agency,premium,36.32,72.57,high,low,3,porkbun,,,29/09/2026 01:46
271acb3d-053f-4ffa-a2bb-3d31cd0ec802,soundable.agency,available,4.98,41.98,medium,low,9,namecheap,,,17/08/2026 23:44
dd5d0d00-2997-406c-8e8f-0c754e736b87,drowsy.agency,available,4.98,41.98,medium,low,6,namecheap,,,14/08/2026 18:05
d022e5cd-470c-4478-8f50-e921f97b342b,moorhead.agency,available,24.2,24.2,medium,low,8,cloudflare,,,30/09/2026 05:19
95e7f676-700d-4ecb-adad-e90c80199c2b,solvent.agency,available,9.99,30.99,high,low,7,namesilo,,,19/09/2026 16:47
6a7ee3b1-ebf8-4672-a3f6-5c27f48e2d46,radioed.agency,available,4.98,41.98,medium,low,7,namecheap,,,20/09/2026 15:44
cd2c0fd0-c345-4c44-80d3-0c12b5accf44,abortus.agency,available,4.98,41.98,medium,low,7,namecheap,,,16/09/2026 16:40
eb3c5f71-2b74-48d9-9df7-c724ff55f121,coordinates.agency,available,3.6,25.23,medium,low,11,porkbun,,,30/09/2026 15:15
b3c433ad-bc3f-4103-a3c5-6ab6e80cfc31,tippy.agency,available,4.98,41.98,medium,low,5,namecheap,,,13/08/2026 04:55
f79f30fd-67ef-4564-ab1e-cc68a3a067cd,zooming.agency,available,4.34,25.04,high,low,7,spaceship,,,01/10/2026 17:57
88177021-32bd-4de0-a384-2d916c74c491,centenary.agency,available,4.98,41.98,high,low,9,namecheap,,,11/08/2026 23:54
949d0a76-1961-4e93-ab79-334a3a3e6ad7,casanova.agency,resell,,,high,low,8,,,,02/10/2026 04:18
650622de-47ca-4cd8-a7f6-9451bc191630,backfire.agency,available,9.99,30.99,medium,low,8,namesilo,,,21/09/2026 15:28
6f0bd24e-b3e8-40b1-a988-f79a8ca0a634,greenway.agency,resell,,,medium,low,8,"Sav.com, LLC - 23",28/08/2026 15:16,28/08/2027 15:16,29/09/2026 10:16
11548276-da42-4247-a1df-0da712516e49,trna.agency,available,5.99,39.99,high,low,4,name.com,,,16/09/2026 22:03
c40e4bd0-2462-4566-afa7-8eeeba9a8237,rending.agency,available,4.98,41.98,medium,low,7,namecheap,,,09/09/2026 13:57
9c28d248-b3e5-4c13-92db-f4525731fd9d,dealership.agency,available,9.99,30.99,high,low,10,namesilo,,,29/09/2026 06:18
38e746a9-adc9-4433-9c13-2fd3d84bc0b9,youthfully.agency,available,9.99,30.99,medium,low,10,namesilo,,,16/09/2026 11:49
8a35a180-4750-43a7-a918-16e4d786da31,booster.agency,resell,,,high,low,7,"Global Domains International, Inc. DBA DomainCostClub.com",26/09/2025 15:16,26/09/2027 15:16,28/09/2026 04:43
30bfba33-9225-446f-b8be-560f47a5119d,avaricious.agency,available,4.98,41.98,medium,low,10,namecheap,,,07/08/2026 21:48
2d9e2eaa-4317-4dd5-a289-8c1085b84346,suggestive.agency,available,4.98,41.98,medium,low,10,namecheap,,,21/08/2026 22:34
ddc86743-0f17-4182-a4fb-392b162b2f05,carson.agency,premium,23.6,23.6,high,low,6,namesilo,,,28/09/2026 01:36
51aea762-8ce3-48ce-a498-0ebe52851cee,hapter.agency,available,4.34,25.04,medium,low,6,spaceship,,,30/09/2026 20:38
9c123988-1f48-4ece-b624-e89736490ff8,scripture.agency,available,4.98,41.98,high,low,9,namecheap,,,23/09/2026 12:48
33dc16d5-e9bc-4e49-94f4-5957f2e24409,secondly.agency,available,9.99,30.99,medium,low,8,namesilo,,,27/09/2026 19:26
249879df-4b75-4d30-a458-5cc68c5a7641,lifting.agency,available,9.99,30.99,high,low,7,namesilo,,,28/09/2026 04:32
3d2e0231-1a32-472a-823f-52f6054b86df,really.agency,resell,,,high,low,6,"Sav.com, LLC - 45",29/06/2026 15:15,29/06/2027 15:15,27/09/2026 09:55
82053d7f-7d4a-44ae-99a3-bdb9a65b46a4,retail.agency,resell,,,high,low,6,UM DOMAINS PTE. LTD,05/07/2026 15:15,05/07/2027 15:15,01/10/2026 15:26
4d44bdbc-f75a-4508-9f58-bda4ac3b4796,daggett.agency,available,9.99,30.99,medium,low,7,namesilo,,,02/10/2026 00:55
a423e073-df8e-4dac-8b50-d9f20199e83c,intensive.agency,available,9.99,30.99,high,low,9,namesilo,,,25/09/2026 09:57
e66cb263-6fb7-496e-b01a-cf550e54fae0,passed.agency,available,7.99,,medium,low,6,name.com,,,
ada46339-dd58-49fd-ad06-a56d6c1ca0c9,coach.agency,resell,,,high,medium,5,"Sav.com, LLC",18/02/2023 15:15,18/02/2027 15:15,28/09/2026 23:29
c3aebc07-a3ad-42c6-a0ca-9d488d5a9c44,mickle.agency,available,4.98,41.98,medium,low,6,namecheap,,,25/08/2026 00:32
7101d5fe-7033-4b52-90ce-52ebc45368c4,contests.agency,available,3.5,25.9,medium,low,8,dynadot,,,30/09/2026 00:34
ba7bf7f2-06ca-4ab4-a4a4-3bef89b49033,incertain.agency,available,4.98,41.98,medium,low,9,namecheap,,,22/08/2026 01:10
4dabf60b-a637-4f68-a3ab-01c97d9ddf7a,unfolding.agency,available,9.5,,high,low,9,unstoppable,,,02/10/2026 06:37
0420805e-3dee-40cf-9d02-ac2d7df3e0d7,allergic.agency,available,9.99,30.99,high,low,8,namesilo,,,22/09/2026 01:25
0b525e77-2e45-4ea3-bf35-2bfd75bd1e41,suspension.agency,available,9.99,30.99,high,low,10,namesilo,,,28/09/2026 16:59
e3df4aaf-688d-4be9-8ab1-d4e0bc6bc948,tickets.agency,resell,,,high,low,7,"Network Solutions, LLC",04/03/2024 15:15,04/03/2027 15:15,26/09/2026 09:37
7c4135b4-cbdb-44f5-8439-638a2a47dd06,gestures.agency,available,9.5,,medium,low,8,unstoppable,,,30/09/2026 00:19
aefc3dbd-4eb5-4f1c-9876-9671b83dc3d7,jarring.agency,available,4.98,41.98,medium,low,7,namecheap,,,22/08/2026 12:26
19f85e89-6693-46f1-a89a-0f53328e00c7,orphan.agency,available,9.99,30.99,high,low,6,namesilo,,,30/09/2026 06:17
5259b1fe-4114-4dc6-b25a-1fae4a6e0ccf,pathogen.agency,available,3.5,25.9,medium,low,8,dynadot,,,02/10/2026 06:01
828490ac-fbfc-438d-bdf4-932c1696a396,dimple.agency,available,9.99,30.99,high,low,6,namesilo,,,24/09/2026 22:21
87beed89-2380-4b67-99fe-8b1c2a4bec05,distinctly.agency,available,4.98,41.98,medium,low,10,namecheap,,,14/09/2026 13:19
7c7a3911-d756-4a5f-8eab-06573bed4977,belongings.agency,available,9.99,30.99,high,low,10,namesilo,,,23/09/2026 06:56
ee5c8bf7-a573-42d1-8a7f-e950c537ac9c,hates.agency,available,9.99,30.99,low,low,5,namesilo,,,27/09/2026 23:03
6a0fe7a8-be96-450e-9484-b364d048a13d,puppy.agency,resell,,,high,low,5,,,,27/09/2026 15:27
49d8e986-468e-4d91-9f87-ccae97294427,rankin.agency,available,9.99,30.99,high,low,6,namesilo,,,27/09/2026 04:34
07aaad55-ecc8-4607-9364-95a232594963,biracial.agency,available,4.98,41.98,high,low,8,namecheap,,,10/08/2026 05:42
4aed0035-4bc3-47b5-be36-5cc1d8c77d44,blackface.agency,available,4.98,41.98,medium,low,9,namecheap,,,24/09/2026 02:15
ef9a05d5-997d-4966-95f6-ae57d375dfa9,rubbing.agency,available,9.99,30.99,medium,low,7,namesilo,,,29/09/2026 02:04
6756273e-bd81-4f09-a0c7-fc1782134408,waking.agency,available,4.98,41.98,high,low,6,namecheap,,,13/09/2026 07:47
7b4b083d-438b-4e01-9038-bdcaf52bfb59,beatable.agency,available,4.98,41.98,medium,low,8,namecheap,,,09/08/2026 05:37
648e24c3-28d7-4ecf-9dcf-c64ae926a22a,andradite.agency,available,9.99,30.99,medium,low,9,namesilo,,,19/09/2026 04:09
e2a7f769-5a23-42b4-85ae-9088cdc42075,libber.agency,available,4.98,41.98,medium,low,6,namecheap,,,18/08/2026 01:03
b2503dd8-fd70-4473-9a16-0a646cd2c143,azeri.agency,available,9.99,30.99,high,low,5,namesilo,,,21/09/2026 11:12
3346dee7-9e44-43db-aa56-8a67ae0e34bb,fines.agency,available,9.99,30.99,medium,low,5,namesilo,,,01/10/2026 00:54
04ee450b-1f77-42e2-aea3-60b3c437ee6b,harbin.agency,available,4.98,41.98,medium,low,6,namecheap,,,29/09/2026 22:05
af3363be-e0f2-42b3-92e3-3e5e032a1dc5,attacker.agency,available,4.98,41.98,high,low,8,namecheap,,,17/09/2026 17:41
186a6c05-f497-439c-906d-07ff028595c9,commended.agency,available,9.99,30.99,medium,low,9,namesilo,,,02/10/2026 03:21
b725759d-743e-4c46-8cc0-b51c99944d03,deceiver.agency,available,9.99,30.99,medium,low,8,namesilo,,,23/09/2026 02:29
fc51f953-effd-4fe8-89cd-68bc44a9fcd5,humbling.agency,available,4.98,41.98,medium,low,8,namecheap,,,14/08/2026 01:09
92d87743-0d0c-48a6-adad-8c7ded333348,site.agency,resell,,,high,medium,4,"GoDaddy.com, LLC",18/07/2020 16:41,18/07/2027 16:41,26/09/2026 09:03
d40ab576-d9af-4c9f-9efc-dac7ecc94cc4,yam.agency,resell,,,high,low,3,,,,01/10/2026 22:05
51752a30-d8c6-4d8c-a2c1-7e1161d07c59,records.agency,resell,,,high,low,7,"Sav.com, LLC - 39",30/07/2026 15:15,30/07/2027 15:15,26/09/2026 08:32
2185f802-62b6-4bf5-93bf-f94b58466e5a,cutaneal.agency,available,5.99,39.99,medium,low,8,name.com,,,13/08/2026 12:57
d182c4c0-6e26-4e8a-9f0e-761ec6ce0c40,slapped.agency,available,9.99,30.99,low,low,7,namesilo,,,29/09/2026 23:39
72d896c7-d179-4bf9-91fb-722549665b21,outskirts.agency,available,4.98,41.98,high,low,9,namecheap,,,29/09/2026 19:53
0340e400-6a9a-402f-9d25-7169eca4c95a,inez.agency,available,9.5,,medium,low,4,unstoppable,,,30/09/2026 05:00
4caa2b52-41f6-4fe3-9ff2-df9f2934b035,undyed.agency,available,4.98,41.98,medium,low,6,namecheap,,,12/09/2026 02:08
428c40a7-c5b9-4538-b680-f6e47273ad25,banca.agency,resell,,,high,low,5,,,,01/10/2026 04:38
2c97d1b5-1f22-42f8-bc87-bf4c611aa432,leaving.agency,available,9.99,30.99,high,low,7,namesilo,,,24/09/2026 22:37
32b48eb1-35b4-40d0-ac79-c2f301689b1d,fasten.agency,available,9.99,30.99,high,low,6,namesilo,,,30/09/2026 19:48
6df7882c-5dfe-4330-89b7-06d984b64b56,peeking.agency,available,4.34,25.04,high,low,7,spaceship,,,02/10/2026 01:04
66f71acb-19a0-41f1-af96-368bb5782485,alkyd.agency,available,4.98,41.98,medium,low,5,namecheap,,,18/09/2026 08:33
7b5a5d10-24e0-4795-abce-fecf992d461f,piece.agency,available,9.99,30.99,high,low,5,namesilo,,,20/09/2026 09:57
492d3565-2672-44ab-a37f-b6eee1b46f26,hunker.agency,available,4.98,41.98,medium,low,6,namecheap,,,10/09/2026 17:39
9e3eb368-b7e5-4b8d-a163-f37ac6b1d691,dashed.agency,available,5.99,39.99,medium,low,6,name.com,,,13/08/2026 18:27
0c2b6026-1043-4319-8b9a-c7c9993cba43,character.agency,resell,,,high,low,9,"Sav.com, LLC - 2",02/09/2025 15:15,02/09/2027 15:15,26/09/2026 04:51
f9074e4d-7356-483f-b425-08411c153a5c,yucky.agency,available,4.98,41.98,medium,low,5,namecheap,,,14/08/2026 10:51
ba71773e-f606-4123-a56b-722972a12d83,alarmism.agency,available,5.99,39.99,medium,low,8,name.com,,,18/09/2026 01:58
3043bcf0-d671-46a6-a700-1e5fd77ec8fe,lassen.agency,available,9.99,30.99,medium,low,6,namesilo,,,30/09/2026 05:22
611266da-45d5-4cfd-8661-9a84e3e8daa6,paused.agency,available,9.99,30.99,medium,low,6,namesilo,,,18/09/2026 02:16
3d0e3130-4cb9-4c1e-b99b-49157aa04119,setting.agency,available,4.34,25.04,high,low,7,spaceship,,,30/09/2026 04:41
cfe8cb2b-136a-42a2-9a33-7bce5699eca9,strickland.agency,available,4.34,25.04,medium,low,10,spaceship,,,28/09/2026 06:47
4c0aa693-c3f6-4540-8b25-cd8407a46d6f,consistent.agency,available,4.98,41.98,high,low,10,namecheap,,,12/08/2026 16:01
f7de3a5b-e786-470f-9f06-092c73bf28f0,further.agency,resell,,,high,low,7,"Sav.com, LLC",26/09/2025 19:52,26/09/2027 19:52,28/09/2026 04:43
8882098b-7248-479f-9a41-2c6db51592d1,naturalism.agency,available,3.5,25.9,high,low,10,dynadot,,,29/09/2026 13:32
6898a047-bd9d-4531-aa35-f55e712aa01e,mutely.agency,available,4.98,41.98,low,low,6,namecheap,,,15/09/2026 15:47
fd0ec7ce-f584-4658-b05d-9a7d00fddecc,strong.agency,resell,,,high,low,6,Dynadot Inc,16/09/2019 18:38,16/09/2028 18:38,26/09/2026 09:21
dbfdfd81-ac3d-4ae5-965c-dc6aa43f5e24,groin.agency,available,4.34,25.04,medium,low,5,spaceship,,,29/09/2026 18:05
a237e9fb-0093-4dfc-a831-b671453c8ccb,earlyish.agency,available,4.98,41.98,medium,low,8,namecheap,,,14/08/2026 22:29
745fbfbb-1b27-434c-b8f7-caa11754c0b9,ajaia.agency,available,4.98,41.98,medium,low,5,namecheap,,,17/09/2026 23:39
46acd916-7126-48ec-9767-eaea34707a4d,sectorial.agency,available,4.98,41.98,medium,low,9,namecheap,,,10/09/2026 01:22
f712a707-d52f-4e25-a679-9c801706a52c,compliments.agency,available,4.34,25.04,high,low,11,spaceship,,,29/09/2026 17:00
c4a0c1e0-9ea5-44a7-8241-5dbc2f430f73,opaline.agency,available,4.98,41.98,medium,low,7,namecheap,,,04/09/2026 15:45
bca03418-0a7f-4ad7-9e40-c7b540c5b590,primarily.agency,available,9.99,30.99,medium,low,9,namesilo,,,28/09/2026 13:51
316054bd-c9d6-4fa6-8bdd-5dfe9f2840ba,arikara.agency,available,4.98,41.98,medium,low,7,namecheap,,,20/09/2026 05:16
0ed90596-25dc-410b-9253-99ac238eb6c3,geotechnical.agency,available,3.5,25.9,medium,low,12,dynadot,,,01/10/2026 23:13
cb9eaece-d29e-4c01-bb49-253b2e70af2c,undergoing.agency,available,9.99,30.99,low,low,10,namesilo,,,29/09/2026 23:42
f9b6ec1d-4076-4add-86c0-3e36b22d43a8,gismo.agency,available,9.99,30.99,medium,low,5,namesilo,,,19/09/2026 21:49
4389ebd2-cfaf-4533-8105-39a46b7860f8,moustaches.agency,available,9.99,30.99,medium,low,10,namesilo,,,20/09/2026 09:53
570d812d-1bf6-48c4-9f8a-405e08a658bd,biltong.agency,available,9.99,30.99,medium,low,7,namesilo,,,23/09/2026 16:53
036d360d-63d4-490d-ba24-8e83608a28c0,lip.agency,premium,118.8,118.8,high,low,3,namesilo,,,29/09/2026 00:19
aeb32494-daee-4c0c-892b-8f7a798bcd50,braga.agency,available,9.99,30.99,high,low,5,namesilo,,,30/09/2026 08:48
db226763-b6e2-4cb7-bddc-2e626f44089a,argot.agency,available,4.98,41.98,medium,low,5,namecheap,,,13/09/2026 04:14
ea3a392e-e44b-4bbd-acf7-76c9465e9577,telephonic.agency,available,4.98,41.98,medium,low,10,namecheap,,,11/09/2026 10:20
51da721c-8366-44b8-8d10-35ab5f8a671e,poison.agency,available,4.98,41.98,high,low,6,namecheap,,,11/09/2026 18:25
4bc80dfb-099a-4fdd-8bb9-bb2f7e5d1c5e,bitten.agency,available,24.2,24.2,low,low,6,cloudflare,,,29/09/2026 10:18
fd61df60-a827-4332-aa96-2371e0ac466f,evolutionary.agency,available,9.5,,medium,low,12,unstoppable,,,29/09/2026 10:23
d069a62c-1409-4e4b-8d3f-dcfe7747cdd9,solomonic.agency,available,4.98,41.98,medium,low,9,namecheap,,,10/09/2026 13:43
3bad5706-9075-45dd-a6af-fe19df496025,unreliable.agency,available,4.98,41.98,medium,low,10,namecheap,,,11/09/2026 19:06
75e780b1-791d-4dc1-88ed-d6fa2f94cefa,kimberly.agency,premium,10.55,20.9,medium,low,8,spaceship,,,28/09/2026 08:56
a7876803-9702-4d20-b4bc-5db1f3fa6264,allergen.agency,available,9.99,30.99,medium,low,8,namesilo,,,18/09/2026 10:53
ac9d9255-636b-4468-bdc5-f20429505574,warming.agency,available,4.98,41.98,high,low,7,namecheap,,,11/08/2026 14:09
d7ec7b1d-1099-4eba-9d79-2cc30dc4e89b,phallic.agency,available,4.98,41.98,medium,low,7,namecheap,,,08/09/2026 18:31
609f1a57-f84f-4879-951d-f425ff6c96e1,exceeds.agency,available,3.99,51.99,medium,low,7,godaddy,,,01/10/2026 00:44
dfa2a717-b923-4e3e-8b1a-a3970264b3f8,booklet.agency,available,4.98,41.98,high,low,7,namecheap,,,24/09/2026 07:06
40d23f38-850c-45b3-b531-9605f71de0ce,pickett.agency,available,9.99,30.99,medium,low,7,namesilo,,,28/09/2026 14:18
f66f71d6-9f3b-4a39-9324-cc27d2224e02,costumed.agency,available,4.98,41.98,medium,low,8,namecheap,,,13/08/2026 03:18
6f54e86e-4705-40a7-aa43-92422195caa0,penicillin.agency,available,4.34,25.04,high,low,10,spaceship,,,30/09/2026 10:50
e8566ac5-f05c-4e80-8cba-b0fc146df6db,diagram.agency,resell,,,high,low,7,"Sav.com, LLC",04/06/2026 17:01,04/06/2027 17:01,26/09/2026 05:32
81c02ef2-4cc6-45af-9420-d8c3b8b7dae0,abiders.agency,available,9.99,30.99,medium,low,7,namesilo,,,18/09/2026 03:55
e9c986c6-7f45-41ed-9c95-8e9ff4874ea9,persecuted.agency,available,4.34,25.04,low,low,10,spaceship,,,30/09/2026 06:36
a80a640a-0451-4008-89ee-4684256d7a8e,ashok.agency,available,3.5,25.9,medium,low,5,dynadot,,,01/10/2026 12:17
800f9e14-46ab-48ce-9324-02cab0664462,lxv.agency,available,4.98,41.98,medium,low,3,namecheap,,,
076fc177-9a41-488a-b05b-07490cf8f022,dogwoods.agency,available,9.99,30.99,medium,low,8,namesilo,,,20/09/2026 13:05
53a8ba49-a38d-4e7b-b2cf-5486193470a7,olympia.agency,resell,,,high,low,7,,,,29/09/2026 07:18
fdc18815-04a0-40aa-9304-f2027cb81d24,threepenny.agency,available,4.98,41.98,medium,low,10,namecheap,,,10/09/2026 09:08
7861774f-2fb5-4137-a75c-256b7f2483b4,untired.agency,available,4.98,41.98,medium,low,7,namecheap,,,12/09/2026 21:29
8e055845-513f-44b0-a58a-7b70844a9cb4,neckless.agency,available,4.98,41.98,low,low,8,namecheap,,,03/09/2026 14:41
3e703575-fd85-413a-9577-4e6aeaad9563,bradstreet.agency,available,9.99,30.99,medium,low,10,namesilo,,,19/09/2026 10:16
14197b2e-7dd6-4bfb-8d92-5fbbeb4794c3,aqualung.agency,available,9.99,30.99,medium,low,8,namesilo,,,19/09/2026 22:54
842a5647-bffd-4989-a496-c8480fe58f18,calando.agency,available,4.98,41.98,medium,low,7,namecheap,,,11/08/2026 13:34
e7941873-9041-4768-98f0-da456d4262a2,upgrades.agency,available,3.5,25.9,medium,low,8,dynadot,,,02/10/2026 03:27
be3ff9a1-fe0e-4a56-85fb-d4b887104030,bootless.agency,available,4.98,41.98,medium,low,8,namecheap,,,10/08/2026 19:37
c17654b7-34a0-4f4a-abb9-77ef334c2f93,panicked.agency,available,4.98,41.98,medium,low,8,namecheap,,,05/09/2026 00:57
ac57dcf4-064c-41ec-be4a-80110a6eb2d5,tellurian.agency,available,4.98,41.98,medium,low,9,namecheap,,,11/09/2026 10:37
010bdb0e-b86e-4776-b34f-62b8be9283f3,mirish.agency,available,9.99,30.99,medium,low,6,namesilo,,,16/09/2026 16:36
e84df904-2ae0-468a-96dd-ae9986b3f0a8,regret.agency,available,4.34,25.04,high,low,6,spaceship,,,30/09/2026 09:24
74930b8c-7760-4037-b053-a109cebda31b,comma.agency,resell,,,high,low,5,"Sav.com, LLC - 41",14/03/2026 15:15,14/03/2027 15:15,26/09/2026 05:08
4aab20dc-4fe2-42c1-a665-74b753a91ebf,accelerating.agency,available,4.34,25.04,high,low,12,spaceship,,,01/10/2026 05:05
71457841-0938-4321-b1b9-fc9723f13b91,sniffy.agency,available,4.98,41.98,medium,low,6,namecheap,,,21/08/2026 01:27
8c6a740d-a2e9-465b-80c3-1ad2d14729e5,assemble.agency,resell,,,high,low,8,,,,28/09/2026 09:53
a8cd35ea-8b10-443e-98e0-46261489598b,loeb.agency,available,9.5,,high,low,4,unstoppable,,,28/09/2026 02:11
cc040565-c651-4f63-9144-79ecc8739136,bulbs.agency,available,3.6,25.23,medium,low,5,porkbun,,,30/09/2026 06:36
598bdc01-c11a-46bc-94f4-65b03907d03b,mya.agency,resell,,,high,low,3,,,,30/09/2026 09:54
9f0be4b5-6ee4-44c8-bd7c-80fcca5ba8c7,quickly.agency,resell,,,high,low,7,"Sav.com, LLC - 44",12/08/2026 15:15,12/08/2027 15:15,27/09/2026 09:22
152dd630-309f-4525-b2f0-403e10502eb6,mushy.agency,available,4.98,41.98,medium,low,5,namecheap,,,09/08/2026 00:58
a50f7e3b-a4c6-471f-a0f0-7965387a4c65,households.agency,available,4.34,25.04,medium,low,10,spaceship,,,02/10/2026 03:00
90e50f94-bec4-4231-81ea-47c135fc39f8,negotiating.agency,available,9.5,,medium,low,11,unstoppable,,,29/09/2026 00:06
cdccc3bb-6bc1-409c-9392-8045c5b457de,turnout.agency,available,9.99,30.99,high,low,8,namesilo,,,29/09/2026 07:04
2af3241a-1b38-4951-8f52-0214bff6532e,bromley.agency,available,9.5,,medium,low,7,unstoppable,,,28/09/2026 17:16
783c28e0-e8e2-48eb-84e0-726ece120577,honours.agency,available,4.34,25.04,high,low,7,spaceship,,,30/09/2026 01:53
0bd14639-78d9-4fd4-9553-191652738786,sizes.agency,available,9.99,30.99,medium,low,5,namesilo,,,19/09/2026 02:18
774addaa-13c9-4b98-ba1b-f3d795f3cdbc,grandes.agency,available,3.99,51.99,medium,low,7,godaddy,,,01/10/2026 01:08
31c197fd-5930-46d3-96ea-15c1418cc38d,vicenza.agency,available,9.5,,medium,low,7,unstoppable,,,01/10/2026 07:48
6f1a244c-212d-4a78-a0e9-a9e2efd79794,fellowman.agency,available,9.99,30.99,medium,low,10,namesilo,,,21/09/2026 03:03
1c9b704e-bd97-4b75-85fc-521b12f2cc5c,messing.agency,available,9.99,30.99,medium,low,7,namesilo,,,29/09/2026 22:01
815b41ec-3587-424e-af89-d8edc24fe886,bayern.agency,premium,242,242,high,low,6,namesilo,,,30/09/2026 23:25
e1031f9c-73a7-4d09-a890-4221c0b30e53,visualization.agency,available,3.6,25.23,high,low,13,porkbun,,,02/10/2026 01:37
ac3488d3-8d73-472e-9aea-a253348bee6f,abrasion.agency,available,9.99,30.99,medium,low,8,namesilo,,,16/09/2026 16:56
a31f075b-2c1b-40c6-b948-d75aa924f7b7,aec.agency,resell,,,high,low,3,"Sav.com, LLC - 42",19/04/2026 15:16,19/04/2027 15:16,26/09/2026 01:24
986d5141-bec9-4f79-af1e-ae89be9e52b9,rory.agency,available,9.5,,medium,low,4,unstoppable,,,28/09/2026 03:38
1647baf0-4e48-4f1a-b365-dff50f61f405,identifies.agency,available,4.34,25.04,medium,low,10,spaceship,,,30/09/2026 22:38
151f89c9-e2c7-497a-ab41-ec78071f96c3,cubicle.agency,resell,,,high,low,7,,,,02/10/2026 04:18
7e7f36fe-bb12-4bbb-bafd-f8536a9668e2,proficient.agency,resell,,,high,low,10,"Sav.com, LLC - 11",08/05/2026 15:15,08/05/2027 15:15,26/09/2026 08:21
41a954c7-0fa1-47a1-a1f7-862987c87023,symbols.agency,available,4.98,41.98,medium,low,7,namecheap,,,29/09/2026 04:46
1ea448c4-6169-4223-b0d3-4f9abd2cb9d8,lenticular.agency,available,4.98,41.98,high,low,10,namecheap,,,09/08/2026 19:26
95337c70-58a0-4b47-b361-5ff0c1199a67,tenants.agency,available,24.2,24.2,medium,low,7,cloudflare,,,29/09/2026 05:33
cda06d26-a49d-4be9-b977-8d34541df4bb,biscuits.agency,available,3.6,25.23,medium,low,8,porkbun,,,29/09/2026 17:26
12924bcf-c718-4778-872d-c5a593f729d4,raunchy.agency,available,4.98,41.98,medium,low,7,namecheap,,,09/08/2026 09:41
334774b8-4b43-4206-8d0c-376b1d38c7a0,rocking.agency,available,9.99,30.99,high,low,7,namesilo,,,28/09/2026 15:55
a0f502df-5e7d-46d9-a08f-a679896144eb,graphics.agency,premium,512,512,high,low,8,namesilo,,,28/09/2026 22:24
1fc5ae6d-1dd2-4dce-bc72-8ce3d10bb14c,stamp.agency,resell,,,high,low,5,"Sav.com, LLC - 5",08/04/2026 15:15,08/04/2027 15:15,26/09/2026 09:16
c1884882-3f25-4660-aaaf-394eea64e96c,crochet.agency,available,9.99,30.99,high,low,7,namesilo,,,24/09/2026 19:40
f6737ff8-8d50-4638-b550-01c250c8a36a,revocation.agency,available,9.99,30.99,medium,low,10,namesilo,,,19/09/2026 11:02
cea60731-4c87-4896-8d53-b5b50c8f9928,educated.agency,available,9.99,30.99,high,low,8,namesilo,,,24/09/2026 13:27
87af5c70-5370-424f-aca1-3d97a619ad72,godzilla.agency,available,,,high,medium,8,,,,
f1eebc78-4448-4005-87c4-742d52329065,reindeer.agency,available,4.34,25.04,high,low,8,spaceship,,,29/09/2026 06:16
14c354ad-95a8-4550-bf17-f6757681cb72,fissure.agency,available,4.98,41.98,high,low,7,namecheap,,,13/08/2026 04:18
26d8aaa0-692a-49f7-9ef7-b796025b6412,wasteful.agency,available,4.98,41.98,medium,low,8,namecheap,,,12/09/2026 08:47
61b6d107-218d-4dd3-88a9-f620ee34338f,audubon.agency,available,4.98,41.98,medium,low,7,namecheap,,,21/09/2026 03:14
62d89d5b-09cb-4033-9556-d6c96e593f9d,unquestionable.agency,available,7.99,,medium,low,14,name.com,,,
1784d72f-8a84-4068-8444-b48e372f0e1d,ended.agency,available,4.98,41.98,high,low,5,namecheap,,,
4dd046bd-9d38-4d5e-969e-6e844fc5202f,ladder.agency,resell,,,high,low,6,"Sav.com, LLC - 46",23/08/2026 15:15,23/08/2027 15:15,30/09/2026 01:55
38602b12-816f-46a9-8a66-23e7382539c0,regular.agency,resell,,,high,low,7,"Sav.com, LLC - 24",22/11/2025 15:15,22/11/2026 15:15,27/09/2026 11:38
d5deb96d-6451-4bd9-9eb2-cc332f0fcc6c,levy.agency,resell,,,high,low,4,,,,30/09/2026 02:08
ec1bff21-ae9e-4244-aaf1-31562564b385,tastily.agency,available,4.98,41.98,medium,low,7,namecheap,,,16/09/2026 08:03
2883ead1-a51c-4805-8a45-4dda2763f75b,dorchester.agency,available,4.98,41.98,medium,low,10,namecheap,,,27/09/2026 07:30
e7dcc937-f222-4077-ae3b-87eb0d340e1d,junoesque.agency,available,4.98,41.98,medium,low,9,namecheap,,,22/08/2026 14:31
cd0ab0bc-8e71-4672-9812-db61d536ec3a,compatibility.agency,available,4.34,25.04,high,low,13,spaceship,,,30/09/2026 06:20
a74aa170-02d4-4aa6-8526-ae9336d79728,sobeit.agency,available,9.99,30.99,low,low,8,namesilo,,,16/09/2026 13:51
5a16472b-38cc-489b-bf2b-5ee3289d92fe,versailles.agency,available,4.98,41.98,high,low,10,namecheap,,,29/09/2026 19:53
7505ef8d-563a-456a-a6de-29c92c197178,spectacles.agency,available,9.5,,high,low,10,unstoppable,,,02/10/2026 04:47
45d92795-6e2e-4e58-a9c6-9bd4023dba7e,ernie.agency,available,9.99,30.99,high,low,5,namesilo,,,27/09/2026 07:15
fb529eed-726f-46db-815d-120cc51bb7e1,sba.agency,resell,,,high,low,3,,,,30/09/2026 11:00
405ba3b7-31df-4910-a55f-45e398bbe3a1,unchanging.agency,available,4.98,41.98,medium,low,10,namecheap,,,12/09/2026 05:04
5c2e6e64-02f5-4fbc-be94-67bd7334b8f8,bergamo.agency,premium,23.6,23.6,medium,low,7,namesilo,,,01/10/2026 14:18
0e1e8604-e71a-42aa-9f8a-d94583f1b8ed,collegial.agency,available,4.98,41.98,medium,low,9,namecheap,,,12/08/2026 17:06
63734534-758e-4d69-b02e-8c3939aa255b,confirmed.agency,available,4.98,41.98,high,low,9,namecheap,,,23/09/2026 19:53
880cdeda-8142-44b0-a033-a5ae9bfd7b3f,spartans.agency,resell,,,medium,low,8,,,,02/10/2026 02:39
2be93147-a530-44db-bc4d-4ad8c22b7d77,acl.agency,resell,,,high,low,3,,,,29/09/2026 03:18
882d15a6-9eab-4ffd-ba05-0bf6c1e217da,alnus.agency,available,9.99,30.99,medium,low,5,namesilo,,,18/09/2026 12:53
78b06344-41b4-4ac0-9083-f457fe31fa7d,yourselves.agency,available,7.99,,medium,low,10,name.com,,,
dcdf04ea-5a81-40c2-82ef-a1f8486a7ad2,unhampered.agency,available,4.98,41.98,medium,low,10,namecheap,,,12/09/2026 11:51
703d2c7d-cf05-4bed-8cb0-c752557ec11a,edmond.agency,premium,13,26,medium,low,6,namecheap,,,27/09/2026 01:39
daea8b48-bb53-4027-ae7d-2062cda24542,gabrielle.agency,available,9.5,,medium,low,9,unstoppable,,,28/09/2026 21:50
80887424-2c22-4d4d-a1c3-5d9cfdbf7589,hieroglyph.agency,available,4.98,41.98,medium,low,10,namecheap,,,21/08/2026 08:33
b316caa3-34ce-443a-9e1b-5bc5e178aa66,gaunt.agency,available,4.98,41.98,medium,low,5,namecheap,,,10/08/2026 18:54
fa017956-dc43-49f4-a6b8-e5ee79b28dc6,modified.agency,available,4.98,41.98,high,low,8,namecheap,,,25/08/2026 03:15
dc7e74dd-2746-45cf-9fe5-2ed6e7340de2,kate.agency,resell,,,high,low,4,"Sav.com, LLC - 12",04/07/2026 15:15,04/07/2027 15:15,26/09/2026 07:03
a58170c9-1924-4560-85bc-31855edd16c3,establishing.agency,available,4.98,41.98,high,low,12,namecheap,,,29/09/2026 21:01
9b8c0ff8-cb25-4e60-9202-219d5ee60fbd,freddy.agency,resell,,,high,low,6,,,,28/09/2026 07:49
f5f947ad-369e-4f58-812d-2422b9b7a7ca,lxx.agency,available,4.98,41.98,medium,low,3,namecheap,,,
fb5d3df4-326e-4f96-ad5f-ea29c89ae9dd,scoffing.agency,available,4.98,41.98,medium,low,8,namecheap,,,22/08/2026 12:43
f70995d9-1552-4558-b109-e65bc9944545,latex.agency,resell,,,high,low,5,,,,29/09/2026 13:16
68c1780b-3faa-41cb-a431-3417115d77b4,ballota.agency,available,4.98,41.98,medium,low,7,namecheap,,,21/09/2026 23:16
5d8e49a9-e427-4f4d-893f-b8038c5b4d7a,redo.agency,resell,,,high,low,4,"Sav.com, LLC - 15",13/05/2026 15:15,13/05/2027 15:15,30/09/2026 09:45
a0446ada-9b77-479a-84f9-854a7734816d,ambitious.agency,resell,,,high,low,9,"GoDaddy.com, LLC",14/04/2024 18:09,14/04/2027 18:09,26/09/2026 03:50
68e01e05-b5c2-4f83-86ab-17ca8e21cdd5,jeanette.agency,available,9.99,30.99,high,low,8,namesilo,,,29/09/2026 09:37
d09ef7b9-4352-42cd-b739-46e645c6e1bd,forgotten.agency,available,4.98,41.98,medium,low,9,namecheap,,,14/08/2026 12:18
28a692a0-bf0e-409b-ac37-434137afd462,ascription.agency,available,9.99,30.99,medium,low,10,namesilo,,,20/09/2026 13:27
f62d285a-28d3-4f34-b3c1-93d3a7daebe6,rowing.agency,available,4.98,41.98,high,low,6,namecheap,,,29/09/2026 20:14
09f403dc-d361-4ba4-87d9-6ae91e5ff769,electricity.agency,resell,,,high,low,11,"Sav.com, LLC - 44",15/08/2025 15:15,15/08/2027 15:15,28/09/2026 07:43
2d97c7b8-ef0d-44fd-a201-0d86cd8454d4,lieutenant.agency,available,9.99,30.99,high,low,10,namesilo,,,28/09/2026 02:16
991a9c7e-7f21-460e-91d5-434bc25e342e,courting.agency,available,4.34,25.04,high,low,8,spaceship,,,30/09/2026 09:16
2065381e-1a83-4e92-8e4a-896e8edd5c4b,casual.agency,resell,,,high,low,6,Dynadot Inc,23/09/2023 08:15,23/09/2027 08:15,26/09/2026 04:48
16a8024a-8670-4cc4-931f-9c491aee96eb,missional.agency,available,4.98,41.98,medium,low,9,namecheap,,,25/08/2026 01:50
287c629b-0573-4e9b-b2da-b1d879771734,soph.agency,available,4.98,41.98,medium,low,4,namecheap,,,10/09/2026 14:20
80920914-a167-40cd-8a83-c381e725a0c5,brandenburg.agency,available,4.34,25.04,high,low,11,spaceship,,,27/09/2026 16:50
a6e4aa44-cb1d-45c0-b50b-4476305f7d8b,partitioned.agency,available,9.99,30.99,low,low,11,namesilo,,,18/09/2026 12:14
1d3dc84f-6cb3-44c3-a535-f9a40d14c2ee,mair.agency,available,9.99,30.99,medium,low,4,namesilo,,,01/10/2026 23:00
f6d6f359-1e0c-4bd9-963d-d56f4c85bd55,eclat.agency,resell,,,high,low,5,"Sav.com, LLC - 5",30/07/2026 15:15,30/07/2027 15:15,26/09/2026 05:45
200e1d40-f1a9-4cfa-86b6-febcf3db55af,quarrel.agency,available,9.99,30.99,medium,low,7,namesilo,,,28/09/2026 09:33
a8e3b5ff-0ffc-4f10-b7e3-19abd2f9aaf0,footling.agency,available,4.98,41.98,medium,low,8,namecheap,,,18/08/2026 03:30
a6949d5a-e4c0-45fd-9b6e-b0480bb7c8aa,boarded.agency,available,3.5,25.9,medium,low,7,dynadot,,,01/10/2026 23:19
5c5439f5-3179-4915-af60-a4b10b8a95c2,asmara.agency,available,9.99,30.99,medium,low,6,namesilo,,,20/09/2026 14:27
87bebbf8-b68f-41bb-af7d-ff9589704d92,bloodshot.agency,available,4.98,41.98,medium,low,9,namecheap,,,10/08/2026 15:21
1af4cd81-610a-49ad-b036-5b97ee448fa5,indi.agency,resell,,,medium,low,4,,,,02/10/2026 02:15
21558b34-deb4-4649-a5f3-91706741ae6b,concisely.agency,available,4.98,41.98,medium,low,9,namecheap,,,14/09/2026 08:10
0fcd9b3a-5d32-4a9c-8491-199e0581de17,prepare.agency,available,9.99,30.99,high,low,7,namesilo,,,27/09/2026 10:25
938f6a22-0f2c-49cb-a747-85289ef5db70,leery.agency,available,4.98,41.98,medium,low,5,namecheap,,,22/08/2026 22:26
77315348-358a-41a8-a900-7cadb424f220,sells.agency,available,4.34,25.04,high,low,5,spaceship,,,28/09/2026 03:41
2dff3c43-d5db-4870-9405-234a90bfaea3,unloved.agency,available,4.98,41.98,medium,low,7,namecheap,,,12/09/2026 15:10
e65aca8c-685e-4c3a-81fd-eefe6c42e1c1,cooke.agency,available,4.98,41.98,high,low,5,namecheap,,,18/09/2026 06:21
32f27987-489c-4cde-932e-c226ef11391a,lps.agency,resell,,,high,low,3,,,,28/09/2026 11:44
cbaa4340-e870-49cd-9070-06dff882d356,dropped.agency,available,4.98,41.98,medium,low,7,namecheap,,,25/09/2026 20:16
ae50cc72-12e7-4cd6-94d1-2ca7be9ba5c8,skillfully.agency,available,4.98,41.98,medium,low,10,namecheap,,,16/09/2026 02:07
84cc5aa8-1fc1-43cb-ae57-d631a801f0e0,anthrax.agency,available,9.99,30.99,medium,low,7,namesilo,,,19/09/2026 13:52
d894b92e-0d9b-447d-b316-94f8c6cec326,suggestions.agency,available,4.98,41.98,medium,low,11,namecheap,,,17/09/2026 12:49
5218aa33-ed2c-4375-bff7-f179ef9e0999,rhymed.agency,available,4.98,41.98,medium,low,6,namecheap,,,09/09/2026 16:51
2342ba54-c754-4caf-bd92-e97354d87600,monoxide.agency,available,4.34,25.04,high,low,8,spaceship,,,01/10/2026 20:41
74695bc3-c645-48a0-862e-33839a54b482,wakening.agency,available,4.34,25.04,high,low,8,spaceship,,,28/09/2026 23:37
caf87256-406f-4638-ae13-7b6840466670,advocator.agency,available,9.99,30.99,high,low,9,namesilo,,,17/09/2026 11:45
340806d2-ee94-4c03-a096-ccaac49b93a2,phs.agency,resell,,,medium,low,3,,,,30/09/2026 02:29
21d46102-f109-4981-a8e1-dcfa857ca52d,invasion.agency,available,9.99,30.99,high,low,8,namesilo,,,27/09/2026 13:26
12700ef7-b4a1-4fb6-bcc7-fdb76736f514,turned.agency,available,9.99,30.99,medium,low,6,namesilo,,,28/09/2026 09:34
d5c79220-47a4-4467-9909-fd173b86350a,telling.agency,available,4.98,41.98,high,low,7,namecheap,,,25/09/2026 04:52
a8cbf1af-1864-49b4-a53d-c2194d6dad08,daytona.agency,available,4.98,41.98,high,low,7,namecheap,,,28/09/2026 04:21
6af49b3d-d408-4366-89db-6b43fe24aca2,roasting.agency,available,24.2,24.2,high,low,8,cloudflare,,,01/10/2026 21:33
b3813ee9-d75a-4e45-be05-a644a5428760,fuckster.agency,available,4.34,25.04,medium,low,8,spaceship,,,02/10/2026 05:00
cc906f3a-7b3c-409c-9f06-4fd6f02346b2,sheldon.agency,available,4.98,41.98,high,low,7,namecheap,,,25/09/2026 15:25
ff1bd861-696a-4b16-9b97-8bec02a9bb51,blabby.agency,available,4.98,41.98,low,low,6,namecheap,,,09/08/2026 21:03
6071fee9-fc3e-4525-9662-60b8f20653b8,catches.agency,available,4.34,25.04,medium,low,7,spaceship,,,28/09/2026 04:27
1ececf13-beb5-4fab-b5fa-0a334c3a8ac2,cheater.agency,available,4.98,41.98,medium,low,7,namecheap,,,23/09/2026 02:30
040e665e-4210-4d1a-b049-66b5888eb9b0,curtiss.agency,available,24.2,24.2,high,low,7,cloudflare,,,27/09/2026 12:50
daaf0785-5c2d-4365-a5d0-c2d29b05c749,waist.agency,available,4.34,25.04,high,low,5,spaceship,,,28/09/2026 06:51
601fa15d-7484-4fa2-8303-ea35a2890b1e,stumbling.agency,available,9.99,30.99,medium,low,9,namesilo,,,30/09/2026 19:50
d45e6617-5ef7-4300-8621-0b0e8d281c3b,conscientious.agency,available,4.98,41.98,high,low,13,namecheap,,,30/09/2026 19:32
9c67868d-54b3-4087-9f94-d99a43e41e1c,exploded.agency,available,4.98,41.98,medium,low,8,namecheap,,,17/08/2026 18:28
4b0fac54-7e99-4e98-8838-af2d1d60086e,cologne.agency,premium,242,242,high,low,7,namesilo,,,24/09/2026 16:20
beefc7dc-ec06-4496-ba63-94f289707246,venomous.agency,available,4.98,41.98,medium,low,8,namecheap,,,13/09/2026 02:08
5d6e99f9-a75d-4a0e-b01e-b71d484f9909,pealing.agency,available,9.99,30.99,medium,low,7,namesilo,,,19/09/2026 11:12
ad0e22a6-f764-4169-bb01-323c407d64b9,pattison.agency,available,3.5,25.9,medium,low,8,dynadot,,,01/10/2026 10:31
85b530dd-f618-494b-8b92-bcd8c728f3ba,thawing.agency,available,4.98,41.98,medium,low,7,namecheap,,,24/08/2026 19:47
bd728f44-997b-4ce2-bcd5-c08f50a6d552,playlists.agency,available,9.99,30.99,medium,low,9,namesilo,,,21/09/2026 09:24
cbc612c1-b6ef-4248-943f-c3a51a469251,diptera.agency,available,3.5,25.9,medium,low,7,dynadot,,,30/09/2026 17:00
46d7a202-fcbf-43e3-a394-2f2fc405d017,langdon.agency,available,9.99,30.99,medium,low,7,namesilo,,,28/09/2026 16:35
34789744-6d61-4d20-a217-a6ba7362f502,dysprosium.agency,available,9.99,30.99,medium,low,10,namesilo,,,20/09/2026 23:28
ddd662c5-4904-4c38-86ad-b3f4f4e25924,canasta.agency,available,9.99,30.99,medium,low,7,namesilo,,,22/09/2026 11:16
396a740a-3ee0-4ade-92e6-141ea616b6f1,larry.agency,available,9.99,30.99,high,low,5,namesilo,,,25/09/2026 12:43
38a59d34-2df1-401e-9955-20f8f46dfd0a,proofs.agency,available,4.98,41.98,medium,low,6,namecheap,,,18/09/2026 06:55
d72e6f28-c573-468f-8781-1accae76e28b,rawlins.agency,available,3.6,25.23,medium,low,7,porkbun,,,01/10/2026 12:10
27905128-c2c0-452e-a537-ac2851433f28,concern.agency,available,9.5,,high,low,7,unstoppable,,,29/09/2026 05:30
7a6bf8ed-dcf2-46cc-978f-e9afd4330d94,amide.agency,available,4.98,41.98,high,low,5,namecheap,,,18/09/2026 21:35
96a178b9-5ffe-46bf-9ece-fe653581c81c,friendships.agency,available,4.34,25.04,medium,low,11,spaceship,,,30/09/2026 15:36
9fa01aaf-f92e-4882-9e4a-ea9d60710cd3,advisement.agency,available,9.99,30.99,high,low,10,namesilo,,,17/09/2026 11:32
e27d7721-50fa-4682-9654-f6328ab1a61f,willingness.agency,available,7.99,,high,low,11,name.com,,,
9bffbd6e-f342-4b78-bbd5-62eaec94c86c,lullaby.agency,available,9.99,30.99,high,low,7,namesilo,,,23/09/2026 09:09
f1551af5-38f3-464b-92df-0c4d9abac224,preach.agency,available,9.99,30.99,high,low,6,namesilo,,,28/09/2026 15:35
60bb46ec-1e44-4fa7-b29f-579efa2cdfe8,australasia.agency,available,24.2,24.2,medium,low,11,cloudflare,,,28/09/2026 21:52
dfd94247-1d59-48e2-95f0-fac8d406d5e9,steamed.agency,available,4.98,41.98,high,low,7,namecheap,,,
a8176588-171e-44ff-8be3-bfedda988536,jackhammer.agency,available,4.98,41.98,high,low,10,namecheap,,,17/09/2026 22:21
ed1ba647-168a-4df6-a6aa-09307b34728e,father.agency,resell,,,high,low,6,"Sav.com, LLC - 39",04/08/2026 15:16,04/08/2027 15:16,29/09/2026 02:01
3c41e33f-7494-4f1f-80ea-4fe678aa9c68,alias.agency,resell,,,high,low,5,"Global Domains International, Inc. DBA DomainCostClub.com",01/04/2026 15:15,01/04/2027 15:15,28/09/2026 11:26
9456e502-3a6a-46b7-977d-28a999581f72,markov.agency,resell,,,high,low,6,"GoDaddy.com, LLC",02/08/2026 19:36,02/08/2027 19:36,26/09/2026 07:26
729b49a0-4082-435c-969c-4ec5f18c2940,fiedler.agency,available,9.99,30.99,high,low,7,namesilo,,,20/09/2026 10:50
d78a3199-d1d2-4993-ace9-6a84609b7aa2,foliated.agency,available,4.98,41.98,medium,low,8,namecheap,,,08/09/2026 09:20
88818822-132f-43d6-807d-a874c645a0e6,abridger.agency,available,9.99,30.99,medium,low,8,namesilo,,,16/09/2026 14:35
705b0a56-a5f5-494c-9dde-c3be1a8a4be8,penumbral.agency,available,4.98,41.98,medium,low,9,namecheap,,,08/09/2026 15:25
9d849533-be0d-49a7-8e2b-af55751e794c,naturalist.agency,available,9.99,30.99,high,low,10,namesilo,,,01/10/2026 03:04
328f8fe8-c2a4-4c08-8599-290392dfe440,batting.agency,available,9.99,30.99,high,low,7,namesilo,,,22/09/2026 14:25
a50c4387-53e9-4180-8442-06e94511fc83,millie.agency,available,4.34,25.04,high,low,6,spaceship,,,29/09/2026 09:08
776ed52a-b78a-4644-84a3-c9cafcf3f0b0,telescopic.agency,available,4.98,41.98,medium,low,10,namecheap,,,11/09/2026 10:24
f658303a-bfcb-4113-bc81-d6a7d5697349,prunus.agency,available,3.99,51.99,high,low,6,godaddy,,,30/09/2026 01:43
14676cfa-ae9e-4eff-b3a3-31ec1d6dd1b4,ncr.agency,available,3.5,25.9,high,low,3,dynadot,,,30/09/2026 19:37
1bb194f5-5936-4603-94d6-c9d7e5ed9cfc,bergamot.agency,available,4.98,41.98,high,low,8,namecheap,,,23/09/2026 09:18
dc18ae5d-41a9-4347-9233-d74936c9bd82,politic.agency,available,4.98,41.98,high,low,7,namecheap,,,08/09/2026 23:06
83482408-7c04-4009-bd5d-7691ce1cd3e2,listening.agency,available,9.99,30.99,high,low,9,namesilo,,,25/09/2026 09:00
9e8047cf-0d45-4b78-8c77-276e485ba164,steuben.agency,available,9.99,30.99,medium,low,7,namesilo,,,22/09/2026 07:05
7eeedfeb-6c96-49ec-9cc7-29b4308af83c,oven.agency,available,3.6,25.23,high,low,4,porkbun,,,28/09/2026 06:32
e9916377-df14-421e-8dd6-ec33136ce679,enmity.agency,available,9.99,30.99,medium,low,6,namesilo,,,19/09/2026 12:26
3ee663a8-fd16-49c1-80f8-f81f3d6fc846,kirk.agency,resell,,,high,low,4,"Sav.com, LLC - 35",18/04/2026 15:15,18/04/2027 15:15,26/09/2026 07:05
01f5c86d-14c6-4112-9a76-d822e0bfb956,correlate.agency,available,4.98,41.98,high,low,9,namecheap,,,23/09/2026 23:49
875203ce-74c0-4ba6-95c7-8b96b1c014e8,newman.agency,resell,,,high,low,6,"Sav.com, LLC - 3",21/09/2026 15:15,21/09/2027 15:15,26/09/2026 07:46
b86aa18c-130e-41f6-9d07-96fe60886bd4,disclaimer.agency,available,9.99,30.99,high,low,10,namesilo,,,24/09/2026 22:28
073cda2b-7fe1-4011-99b7-139bed7fa8c6,soliciting.agency,available,9.99,30.99,high,low,10,namesilo,,,01/10/2026 06:10
39df9417-a1bf-4f56-b7d0-7f7cb6e53d02,chamberlin.agency,available,9.99,30.99,high,low,10,namesilo,,,29/09/2026 21:39
4a6e614d-3450-4981-a148-c87754190479,northman.agency,available,4.98,41.98,medium,low,8,namecheap,,,03/09/2026 21:21
7f0e5e69-dba1-45af-91f3-c6d9342dbc9d,reveals.agency,available,9.99,30.99,medium,low,7,namesilo,,,20/09/2026 06:30
d6105e9c-54dc-4cc6-a2cb-3189e1b9fa4a,belisarius.agency,available,4.98,41.98,medium,low,10,namecheap,,,23/09/2026 05:17
5495dd8b-80f3-4dc4-90ce-84187e0f70c2,asexuality.agency,available,4.98,41.98,medium,low,10,namecheap,,,20/09/2026 13:33
f7cdf7be-a8c1-4af2-a602-d828aefedfc8,german.agency,premium,42.9,85.8,high,low,6,namecheap,,,18/08/2026 22:44
2f4f14c1-a343-4971-afc9-b2a8ea3a10d8,studded.agency,available,4.98,41.98,high,low,7,namecheap,,,10/09/2026 22:57
b4baa49a-8eca-40c3-84ea-ff0a6e06a4d0,primeval.agency,available,4.98,41.98,medium,low,8,namecheap,,,09/09/2026 02:02
3b7cacd8-1861-418d-953f-87433d923240,defile.agency,available,4.98,41.98,medium,low,6,namecheap,,,24/08/2026 12:53
23702460-95bf-4d39-95d1-5942c65f508c,compulsive.agency,available,4.98,41.98,high,low,10,namecheap,,,12/08/2026 19:40
8027d2ba-26ca-4d1a-b3ca-8f6f5accd9a6,reptiles.agency,available,3.5,25.9,medium,low,8,dynadot,,,30/09/2026 14:47
a2e71015-7dea-433f-ae0e-ced14d7638ec,copaiba.agency,available,4.98,41.98,medium,low,7,namecheap,,,22/09/2026 00:08
187bd9b6-367e-4a12-bf56-2e71cc7e1830,gassy.agency,available,4.98,41.98,medium,low,5,namecheap,,,12/08/2026 16:36
0f4f6480-a2bf-414b-9034-5d21eda4de13,review.agency,resell,,,high,medium,6,Squarespace Domains II LLC,18/07/2019 01:02,18/07/2027 01:02,29/09/2026 04:52
e896f6c1-00f2-4807-94d5-ca871f751293,symonds.agency,available,3.6,25.23,high,low,7,porkbun,,,30/09/2026 10:18
287631a8-38f6-4f10-aea0-7e6d9e9004b0,withered.agency,available,4.98,41.98,medium,low,8,namecheap,,,14/08/2026 19:11
5ba4ef2e-9481-47f5-959f-a571c6f62180,habib.agency,resell,,,high,low,5,,,,29/09/2026 15:09
9e26bec1-84a3-41d8-a7df-d8b9b7d8c1d3,eunice.agency,available,9.99,30.99,medium,low,6,namesilo,,,29/09/2026 03:57
b9d25ca2-76b6-4986-a78c-42450655f2bb,thrilled.agency,available,4.98,41.98,high,low,8,namecheap,,,11/09/2026 14:36
e706f67a-b04b-473f-8c03-14dad6a56c25,escalator.agency,available,9.5,,high,low,9,unstoppable,,,02/10/2026 04:44
5f93a1a4-2b5e-4d74-a225-e10a7602f227,mcmuffin.agency,available,9.5,,high,low,8,unstoppable,,,02/10/2026 06:39
21b13e03-3ed9-4530-bdda-bdd8aa2bb91c,blamed.agency,available,4.98,41.98,medium,low,6,namecheap,,,10/08/2026 12:39
9918335f-a276-4fc4-8280-f4e8cc17fc26,lxxvii.agency,available,4.98,41.98,medium,low,6,namecheap,,,
f7683170-74ac-45cb-9190-fc29c04ba901,armadillo.agency,resell,,,high,low,9,"Sav.com, LLC - 5",07/04/2026 15:15,07/04/2027 15:15,26/09/2026 04:00
76baaae3-7f42-4fd3-8b40-de52d83c165b,nauvoo.agency,available,9.5,,medium,low,6,unstoppable,,,30/09/2026 22:26
9feacf24-7b22-4c8d-8d21-018a79462590,astrolabe.agency,available,9.99,30.99,medium,low,9,namesilo,,,20/09/2026 17:43
63a53ca5-c24b-4f8f-bbe6-bd278be03d9a,aspis.agency,available,9.99,30.99,medium,low,5,namesilo,,,20/09/2026 15:24
7d2af042-49ee-4c1a-bb8a-fcdf489118f0,iff.agency,resell,,,medium,low,3,,,,30/09/2026 04:49
8638fb25-2cd0-4289-aeda-f67a06bdb224,ironic.agency,available,9.99,30.99,high,low,6,namesilo,,,25/09/2026 11:21
746eaca3-217f-4b38-b840-ae036366ae50,jolted.agency,available,4.98,41.98,medium,low,6,namecheap,,,22/08/2026 13:55
8b108067-339c-436d-b9fe-0a4f1aea7cae,iridescent.agency,available,4.98,41.98,high,low,10,namecheap,,,12/08/2026 03:15
c03addd0-4f01-4902-be5a-43039be66196,woodward.agency,available,4.34,25.04,medium,low,8,spaceship,,,29/09/2026 06:07
f7097488-28c3-4182-ac33-359be484f1a1,lisbon.agency,premium,10.55,20.9,high,low,6,spaceship,,,29/09/2026 06:46
a05912a8-30d3-4c3a-a2a3-70946cbe71b8,universally.agency,available,24.2,24.2,high,low,11,cloudflare,,,01/10/2026 18:19
ba310a17-f981-481c-ab86-d1d8379cd109,sourly.agency,available,9.99,30.99,low,low,6,namesilo,,,16/09/2026 05:40
4d4ccf90-bc50-4742-a5cc-e96296a5520c,diazo.agency,available,4.98,41.98,medium,low,5,namecheap,,,14/08/2026 06:23
149e4a76-e641-4dcb-9340-b125eed651ad,slug.agency,available,9.99,30.99,high,low,4,namesilo,,,23/09/2026 13:52
c5240cc0-0786-41e7-83f1-f593ffea04f3,unneeded.agency,available,4.98,41.98,medium,low,8,namecheap,,,12/09/2026 15:52
ae7eb81a-7de5-4c1d-8a26-d6446b28f475,tee.agency,resell,,,high,low,3,,,,29/09/2026 18:55
60e95811-090d-425a-a2cf-328b8cb8e793,coolness.agency,available,9.99,30.99,high,low,8,namesilo,,,24/09/2026 14:38
c2d7d17f-33a0-44bb-9aff-53348b5bad61,burgers.agency,available,9.5,,medium,low,7,unstoppable,,,30/09/2026 07:46
b0158c3d-1c96-422c-ad6b-f455a745f7ea,semiformal.agency,available,4.98,41.98,high,low,10,namecheap,,,10/08/2026 11:42
2cea64db-c345-4ff1-9333-d00ea22a0539,delusory.agency,available,4.98,41.98,low,low,8,namecheap,,,13/08/2026 21:18
a6513a34-b4c0-4492-abf2-471cd779a9b4,synchronic.agency,available,4.98,41.98,medium,low,10,namecheap,,,11/09/2026 06:15
37ba079d-df5f-4f10-86ec-73301a0f1ed5,warmed.agency,available,4.98,41.98,high,low,6,namecheap,,,13/09/2026 08:22
997948eb-4f57-4696-ad0b-2955e29eeafa,aspartame.agency,available,9.99,30.99,medium,low,9,namesilo,,,20/09/2026 14:43
92e7b4c3-2fc1-4a3c-885c-78dcd6f9cef2,richly.agency,available,4.98,41.98,high,low,6,namecheap,,,13/09/2026 19:38
80327767-7723-4cf8-aa31-117805dfdf50,dole.agency,available,4.98,41.98,medium,low,4,namecheap,,,02/10/2026 04:38
ad3ebd43-678e-4f65-b23a-eb4adcae9b3a,anne.agency,premium,13,26,high,low,4,namecheap,,,19/09/2026 10:11
52d3184c-0ee9-4435-bd55-8a8648d80658,happened.agency,available,4.98,41.98,medium,low,8,namecheap,,,25/09/2026 20:05
a7866fb2-4526-433d-9429-d97f6d80d079,unsecured.agency,available,4.98,41.98,medium,low,9,namecheap,,,12/09/2026 01:41
d1841fbe-7f59-496c-a947-5ef5ef813469,oldish.agency,available,4.98,41.98,medium,low,6,namecheap,,,04/09/2026 02:04
7014ced7-bf6d-4549-8b1b-8865b9a99710,nonmetric.agency,available,4.98,41.98,medium,low,10,namecheap,,,03/09/2026 18:30
81c77fc6-2067-4884-98ed-a047bde4e3aa,cernuous.agency,available,4.98,41.98,medium,low,8,namecheap,,,12/08/2026 00:44
9f228c5d-27f6-42cc-95ef-e1740f8db0ac,bedclothes.agency,available,9.99,30.99,high,low,10,namesilo,,,22/09/2026 22:48
3d11b0b0-d9e3-4aa9-ae06-aeeeff2ce3f7,cocoa.agency,resell,,,high,low,5,"Sav.com, LLC - 47",16/02/2026 15:15,16/02/2027 15:15,29/09/2026 08:48
834b6f33-9c7b-4930-b43d-597d98764ded,turquoise.agency,available,9.99,30.99,high,low,9,namesilo,,,19/09/2026 22:52
b40ffd45-c8fe-4524-b6e2-6a0d00e5d650,nonviolent.agency,available,4.98,41.98,high,low,10,namecheap,,,03/09/2026 21:04
2df29af5-bcfb-4616-ba9b-fd69c8a38c29,gnomish.agency,available,4.98,41.98,medium,low,7,namecheap,,,20/08/2026 15:45
f182d3b6-afcb-409a-8adb-6ab1a59badc8,anatoxin.agency,available,9.99,30.99,medium,low,8,namesilo,,,19/09/2026 03:34
816fda66-477e-4224-98c9-5e9a3d67b259,abjuration.agency,available,5.99,39.99,medium,low,10,name.com,,,16/09/2026 15:59
4a486abc-77ff-4d1d-adb8-ba054715e629,halls.agency,premium,64.35,128.7,high,low,5,namecheap,,,28/09/2026 13:17
3078be9f-5349-43ad-8577-60f85084045b,wooded.agency,available,4.98,41.98,medium,low,6,namecheap,,,13/09/2026 13:11
035e5bdc-350f-4b3d-80c3-790a91411b29,murderer.agency,available,9.99,30.99,medium,low,8,namesilo,,,25/09/2026 08:59
260c103b-21d2-420c-bf5f-e9321de022d3,frenchman.agency,available,24.2,24.2,medium,low,9,cloudflare,,,29/09/2026 07:00
6cd989e7-3663-4ce0-a35a-b6c5a1ddcb64,profess.agency,available,9.5,,high,low,7,unstoppable,,,30/09/2026 17:40
b0e81d74-3b08-4f28-ab5e-783702efb4a7,begonia.agency,available,9.99,30.99,medium,low,7,namesilo,,,23/09/2026 02:28
ac3fa9a0-eb09-424b-a6da-85696a30548d,annoy.agency,available,9.99,30.99,medium,low,5,namesilo,,,29/09/2026 14:37
b2e29443-b5a9-4b7b-b2bb-bec9af1ec014,kahn.agency,available,9.99,30.99,medium,low,4,namesilo,,,25/09/2026 23:22
081824fb-aace-455a-862d-ad7ea0c6a204,demonic.agency,available,4.98,41.98,medium,low,7,namecheap,,,14/08/2026 01:26
563d17ab-d333-4514-b57f-7d6c64045d79,centrally.agency,available,4.98,41.98,medium,low,9,namecheap,,,14/09/2026 06:13
17559b5f-ce35-437c-a45c-6f0fd83c7cc9,dis.agency,resell,,,high,low,3,"Sav.com, LLC - 17",09/05/2026 15:15,09/05/2027 15:15,26/09/2026 05:35
6dac484a-1236-4d89-bb71-5abc0ee3da46,overactive.agency,available,4.98,41.98,medium,low,10,namecheap,,,21/08/2026 16:42
d29e3cc1-d5ed-4154-8bd2-38d800db12af,assess.agency,available,4.34,25.04,high,low,6,spaceship,,,30/09/2026 15:16
867aecf0-a3eb-4e93-ac27-77c8709e257e,harley.agency,resell,,,high,low,6,"Sav.com, LLC - 41",27/06/2026 15:15,27/06/2027 15:15,26/09/2026 06:35
8589a674-b359-47c5-9eb5-21af9b3cb153,belted.agency,available,4.98,41.98,medium,low,6,namecheap,,,09/08/2026 14:02
4be7f1fc-1a8d-43ed-8f88-bd9751231944,cooler.agency,available,4.98,41.98,high,low,6,namecheap,,,24/09/2026 18:05
614b8710-4e19-43a1-ac37-2e2f83cd7245,allusive.agency,available,4.98,41.98,medium,low,8,namecheap,,,
3691b906-8c4d-49d7-b17e-74aaf03c46ff,lured.agency,available,9.5,,medium,low,5,unstoppable,,,01/10/2026 18:14
d101da70-7e17-46e4-b077-24bcac0a1cb6,descending.agency,available,9.5,,medium,low,10,unstoppable,,,28/09/2026 21:15
cfcacf03-fd96-4c60-a05c-7e9f012e0151,categorical.agency,available,24.2,24.2,high,low,11,cloudflare,,,02/10/2026 00:30
21ff67dd-3d26-4a50-9444-cb898fef1ab9,xiv.agency,available,9.99,30.99,high,low,3,namesilo,,,21/09/2026 11:42
f44a04a2-4a6e-4c2c-a91b-80f3b7441b16,stative.agency,available,4.98,41.98,medium,low,7,namecheap,,,10/09/2026 19:14
8386316a-e490-4d34-9a54-6b8a16cec6f0,ailment.agency,available,4.98,41.98,medium,low,7,namecheap,,,21/08/2026 18:47
aacef5ed-1143-4678-a8a5-11b406a9ff5b,loser.agency,available,9.99,30.99,medium,low,5,namesilo,,,18/09/2026 14:19
d1b5861c-e2f6-46ec-95ff-b3f6cf0161a4,sacramento.agency,premium,20.5,,high,low,10,unstoppable,,,29/09/2026 18:11
b3782de3-bfac-4942-8f1d-9ecbe738531e,reverend.agency,available,4.98,41.98,high,low,8,namecheap,,,09/09/2026 16:06
94a4197e-8bb8-4969-b4aa-12ffabae9edc,thumbs.agency,available,9.99,30.99,medium,low,6,namesilo,,,18/09/2026 14:13
9514c66e-ee27-4375-b902-2a8c7c041d22,annabelle.agency,available,4.34,25.04,medium,low,9,spaceship,,,02/10/2026 02:04
b7309815-7979-44be-a68b-29a26c71703e,favors.agency,available,4.98,41.98,high,low,6,namecheap,,,18/09/2026 09:42
dc49666f-8c85-41af-9ead-031abe10f4a6,yamamoto.agency,available,3.6,25.23,medium,low,8,porkbun,,,28/09/2026 19:31
1bee8d61-5e9a-4bd0-bbbe-99a718cf98cb,harmonise.agency,available,9.99,30.99,high,low,9,namesilo,,,16/09/2026 22:55
8dab9edf-be1d-4028-8d20-1efee4957fc5,dainty.agency,available,5.99,39.99,high,low,6,name.com,,,13/08/2026 15:40
967a02c0-d988-4085-a16e-5edbfbb025d1,recommendation.agency,available,7.99,,high,low,14,name.com,,,
98c37f77-b0c7-48a7-8896-f33d1655e5e8,dalliance.agency,available,4.98,41.98,medium,low,9,namecheap,,,11/09/2026 19:38
cdd64e4a-64a9-4bde-955c-5f37569e7f98,scarlet.agency,resell,,,high,low,7,Porkbun LLC,05/03/2021 09:01,05/03/2027 09:01,26/09/2026 08:50
7ec823d1-be23-4269-bdf9-7a64ad5fd595,longest.agency,available,4.34,25.04,medium,low,7,spaceship,,,28/09/2026 16:14
c2abfbb0-510f-40c6-a907-5677b6bf690d,nes.agency,resell,,,high,low,3,,,,28/09/2026 03:45
9f888068-0e66-4017-ab80-e22256c3de56,hempen.agency,available,4.98,41.98,medium,low,6,namecheap,,,18/08/2026 03:20
0147320d-594f-4573-90ab-671421508467,furtive.agency,available,4.98,41.98,medium,low,7,namecheap,,,08/08/2026 06:32
4d8ad9af-e1b1-4de5-aa9a-0518dfad9099,velasquez.agency,available,4.34,25.04,medium,low,9,spaceship,,,01/10/2026 11:23
25798640-931c-4a6b-bb79-7059d28296f2,memories.agency,resell,,,medium,low,8,"Sav.com, LLC - 5",16/02/2026 15:15,16/02/2027 15:15,26/09/2026 07:30
baba7db2-2014-4660-bcdf-633f6514eb46,tellurium.agency,available,9.99,30.99,medium,low,9,namesilo,,,20/09/2026 23:13
b42645c6-12af-463c-a6e1-7ca83043a6cb,main.agency,resell,,,high,low,4,"Global Domains International, Inc. DBA DomainCostClub.com",28/05/2026 15:15,28/05/2027 15:15,26/09/2026 07:23
9c30f994-18a4-4624-99aa-0976f7be8ae8,bolshevik.agency,available,4.98,41.98,high,low,9,namecheap,,,10/08/2026 17:50
403f3088-d104-409f-be90-325ca059a93a,pitahaya.agency,available,9.99,30.99,medium,low,8,namesilo,,,16/09/2026 20:46
a8e56352-cd4d-45a1-9c0e-fc414c5ad0a4,navigation.agency,resell,,,high,low,10,"Sav.com, LLC - 7",18/04/2026 15:15,18/04/2027 15:15,26/09/2026 07:43
3f3f5d54-c73a-476f-8e0e-08459404dcd0,alluvium.agency,available,5.99,39.99,medium,low,8,name.com,,,18/09/2026 12:20
650e300a-4cb8-4544-ac38-ffd4e2d2b09f,harbor.agency,resell,,,high,low,6,,,,28/09/2026 05:56
9360b4b6-38f7-4deb-be61-eaa08dd982e1,johnstone.agency,available,24.2,24.2,medium,low,9,cloudflare,,,27/09/2026 23:26
baf99f4c-e89b-4898-9413-9e41f5d6d867,juggling.agency,available,4.98,41.98,high,low,8,namecheap,,,30/09/2026 17:46
91b6a246-47e1-49b1-a66e-2a0cba2d0276,meals.agency,available,4.98,41.98,high,low,5,namecheap,,,18/09/2026 16:02
eee546ba-cf14-4128-981f-eb46f4303e5f,unladylike.agency,available,4.98,41.98,medium,low,10,namecheap,,,12/09/2026 14:39
eca8af08-6519-418f-86ce-192746b06d97,credit.agency,resell,,,high,low,6,Dynadot Inc,26/06/2015 17:13,26/06/2029 17:13,29/09/2026 09:26
9d4c7b7f-8a36-4832-8db2-2a784f83f336,obnoxious.agency,available,4.98,41.98,medium,low,9,namecheap,,,03/09/2026 23:32
698bb6ed-afb0-45f8-a305-2e561193dc73,assignee.agency,available,9.99,30.99,medium,low,8,namesilo,,,20/09/2026 16:23
8a4e75ad-6726-4880-ad0f-ba72226b33d1,raines.agency,available,3.5,25.9,high,low,6,dynadot,,,01/10/2026 10:16
fd316df3-ddf4-4984-83b6-38add42b6ea9,inocor.agency,available,9.99,30.99,medium,low,6,namesilo,,,18/09/2026 23:58
06492ade-eca8-4d4a-8064-49231f72a8fe,barque.agency,available,4.98,41.98,high,low,6,namecheap,,,22/09/2026 07:48
a3064e3e-777e-4c1c-a35a-4196fb54cad3,dave.agency,resell,,,high,medium,4,"Sav.com, LLC - 26",29/11/2025 15:16,29/11/2026 15:16,02/10/2026 01:18
df4626f1-1d51-432b-b8ac-575dc3a2da03,poisoning.agency,available,9.99,30.99,medium,low,9,namesilo,,,30/09/2026 00:17
826af6c6-a321-458e-9951-72e33e5fc66f,clifford.agency,resell,,,high,low,8,"Sav.com, LLC",20/03/2026 19:57,20/03/2027 19:57,26/09/2026 04:59
61c68957-2932-48c6-bfea-e3e6bacf19f2,scatty.agency,available,4.98,41.98,medium,low,6,namecheap,,,
d3975a48-c090-4938-83c0-a15f2c6e1ece,block.agency,resell,,,high,low,5,Dynadot Inc,14/06/2020 08:28,14/06/2027 08:28,28/09/2026 23:15
605ed0ca-d241-4a59-b97c-3f6a5f573ca9,unwonted.agency,available,4.98,41.98,low,low,8,namecheap,,,12/09/2026 22:48
3198d22f-0645-4e34-977f-04734e4f6e59,tens.agency,available,24.2,24.2,medium,low,4,cloudflare,,,29/09/2026 03:02
c4481c7d-6827-456c-be34-ea40d8d747c5,fractious.agency,available,4.98,41.98,medium,low,9,namecheap,,,18/08/2026 13:53
01a591cc-a8ef-4704-af82-24b3dde6e40a,mysteriously.agency,available,4.34,25.04,medium,low,12,spaceship,,,30/09/2026 04:03
f4ca087e-bf4d-455a-9b2c-cfe07a412b57,killingly.agency,available,4.98,41.98,low,low,9,namecheap,,,15/09/2026 10:22
a9c1bcdb-6718-4d96-ae5f-84e1fab443e8,swampy.agency,available,4.98,41.98,medium,low,6,namecheap,,,10/08/2026 17:18
a92f1543-9db2-458d-af1c-5fe0c5bd6ca4,vehicular.agency,available,4.98,41.98,medium,low,9,namecheap,,,13/09/2026 01:48
e8074df6-ae2e-401d-9d77-9f77367c11ad,rejoicing.agency,available,4.98,41.98,high,low,9,namecheap,,,17/08/2026 19:50
3295d4af-63ec-4f38-b1d2-b67e5d5bd877,endurance.agency,resell,,,high,low,9,"Sav.com, LLC - 48",11/06/2026 15:15,11/06/2027 15:15,29/09/2026 18:12
2683fdbb-441a-4712-b886-52752db36b9e,creative.agency,resell,,,high,medium,8,,,,01/10/2026 01:41
0b832baf-38a5-4ea9-bae7-5714e1e2a56e,cassandra.agency,available,9.5,,high,low,9,unstoppable,,,30/09/2026 08:59
85e63cd0-809b-4082-8362-2d3a3d950c4f,instructors.agency,available,4.34,25.04,medium,low,11,spaceship,,,01/10/2026 01:00
2370c93d-2c9f-4f07-bc19-47cf218cc725,eastmost.agency,available,4.98,41.98,medium,low,8,namecheap,,,14/08/2026 22:57
b39361b5-3814-4fa0-99fa-614780663843,bankable.agency,available,4.98,41.98,high,low,8,namecheap,,,08/08/2026 13:24
8fc26a04-55ef-475a-b33b-cb203c2936b1,aesthesis.agency,available,4.98,41.98,medium,low,9,namecheap,,,17/09/2026 13:32
8b719af4-f119-46a5-9676-f536edcbf382,chairmen.agency,available,9.99,30.99,medium,low,8,namesilo,,,18/09/2026 22:56
b71201e5-0fe8-42ab-8e04-9a3fd9420f4e,pained.agency,available,4.98,41.98,medium,low,6,namecheap,,,04/09/2026 01:26
2b65d477-9435-4c5e-97da-c93cae5a4de8,auspices.agency,available,9.99,30.99,high,low,8,namesilo,,,17/09/2026 12:16
855108e5-9f2f-4a94-9316-53e5b9acd70e,amicable.agency,available,9.99,30.99,high,low,8,namesilo,,,22/09/2026 04:19
6bf32616-f0a9-4e0c-b2a7-11f5c1e77ae5,wwf.agency,available,9.5,,high,low,3,unstoppable,,,29/09/2026 15:10
b9a4c237-bf99-45d6-9f68-a164f2b69432,lifelessly.agency,available,5.99,39.99,low,low,10,name.com,,,13/08/2026 19:35
1e535d63-d689-40e3-875d-aa12fde573cb,aright.agency,available,4.98,41.98,high,low,6,namecheap,,,13/09/2026 20:49
35ad8cf7-5e49-44a3-b2bf-02d2cab38fda,wanness.agency,available,4.98,41.98,medium,low,7,namecheap,,,17/09/2026 01:08
9c6ab270-8dd2-4fdc-a7c8-c02328586986,otero.agency,available,4.98,41.98,medium,low,5,namecheap,,,02/10/2026 00:57
87bc87ff-e66d-4f39-9ff9-b957de506b3e,nominated.agency,available,4.98,41.98,high,low,9,namecheap,,,03/09/2026 18:18
e12d045b-743c-4ecc-8600-eba119741cf1,cramp.agency,available,9.99,30.99,medium,low,5,namesilo,,,30/09/2026 16:50
721fb5ce-0b95-4912-a5c2-2182b8ddc847,khz.agency,available,9.99,30.99,high,low,3,namesilo,,,25/09/2026 08:09
27c7c0de-afec-44b2-a548-d93250850da4,reclusive.agency,available,4.98,41.98,medium,low,9,namecheap,,,09/09/2026 11:40
6a85ad64-90bc-42ec-b937-4446fae956b1,unthankful.agency,available,4.98,41.98,low,low,10,namecheap,,,11/09/2026 12:29
b908c36a-8a11-454e-ac69-e71d401932cf,penial.agency,available,4.98,41.98,medium,low,6,namecheap,,,08/09/2026 14:23
e58c3042-79cd-4cc6-9964-4b68525ca4d4,longhand.agency,available,4.98,41.98,high,low,8,namecheap,,,13/08/2026 11:38
3d698cce-a980-4ba2-9282-77d068aa4991,smoldering.agency,available,4.98,41.98,medium,low,10,namecheap,,,10/09/2026 12:01
084ca14a-3963-4902-acc3-b2050276fafd,appalling.agency,available,4.98,41.98,medium,low,9,namecheap,,,06/08/2026 04:31
65713f3d-bfd2-418a-8bf4-dfac737d11ed,leonora.agency,available,4.34,25.04,medium,low,7,spaceship,,,30/09/2026 13:31
27a92e58-a49b-4b26-888b-a66fe59fd141,cnt.agency,resell,,,high,low,3,,,,01/10/2026 23:15
44280463-654f-4405-9d6d-11d63db30cc6,touchdowns.agency,available,9.99,30.99,medium,low,10,namesilo,,,19/09/2026 23:06
70f518e0-dee7-417f-9faf-9708a84d2964,builder.agency,resell,,,high,low,7,"Global Domains International, Inc. DBA DomainCostClub.com",08/04/2026 15:16,08/04/2027 15:16,29/09/2026 05:12
6393561a-0cf8-49b1-bc15-18dcad9ebbbe,unidentified.agency,available,4.34,25.04,medium,low,12,spaceship,,,28/09/2026 08:18
f59acd2c-0000-4a26-b167-6c05b9549c1e,min.agency,resell,,,high,low,3,Netregistry Wholesale Pty Ltd,15/04/2025 15:15,15/04/2027 15:15,26/09/2026 07:33
76da2d3a-1512-4006-b36e-3f2aa96d0d36,mosey.agency,available,9.99,30.99,medium,low,5,namesilo,,,18/09/2026 17:00
25fcd156-035c-49e4-b0b9-54ed16162ea6,mahon.agency,available,9.99,30.99,medium,low,5,namesilo,,,28/09/2026 22:25
33c5a95f-a442-4c56-b0cc-5528db7de6bb,notices.agency,available,9.99,30.99,medium,low,7,namesilo,,,20/09/2026 07:18
f8aec168-e0cb-4996-ab0b-151b9bc9f725,glaring.agency,available,4.98,41.98,high,low,7,namecheap,,,10/08/2026 13:47
ac6db627-4779-49e1-9cce-35e2bcfb59b2,chalmers.agency,available,3.5,25.9,medium,low,8,dynadot,,,27/09/2026 20:38
5061da73-9225-474f-9c76-bb902fe365c9,cowardly.agency,available,4.98,41.98,medium,low,8,namecheap,,,13/08/2026 04:07
1501ee55-0d1c-4bc8-80b1-a63c5b38ba99,patristic.agency,available,4.98,41.98,medium,low,9,namecheap,,,08/09/2026 10:38
b7781991-71d5-4c61-bb66-06fe15554be8,bhaga.agency,available,9.99,30.99,medium,low,5,namesilo,,,23/09/2026 12:29
c1ae69bd-1107-42aa-b2e7-2493996a8b0e,padua.agency,available,4.98,41.98,medium,low,5,namecheap,,,27/09/2026 15:08
5ab5a4a9-3b77-4116-af7e-f4b1b6a1bdea,nutbrown.agency,available,4.98,41.98,medium,low,8,namecheap,,,03/09/2026 23:14
b5737f14-586b-4b37-ac22-033ec63b2184,rutgers.agency,available,4.98,41.98,high,low,7,namecheap,,,25/09/2026 20:41
6571a075-7f43-4637-8ebd-0cdca47c867b,geodesic.agency,available,4.98,41.98,high,low,8,namecheap,,,18/08/2026 22:23
8a4e15b5-3216-4e07-9692-dc1986efd33e,contrite.agency,available,4.98,41.98,high,low,8,namecheap,,,12/08/2026 23:34
fb468929-d801-4de4-b798-24c5f4376ae6,twentieth.agency,available,9.99,30.99,high,low,9,namesilo,,,21/09/2026 12:27
857e6374-13b4-43f9-9ba2-ffafa318d042,absorbance.agency,available,4.98,41.98,high,low,10,namecheap,,,16/09/2026 18:11
dbf5d5d6-dd4c-4b3f-8759-f2021d983442,perturbed.agency,available,4.98,41.98,medium,low,9,namecheap,,,18/08/2026 09:31
f73424f7-5639-4fad-9258-b45abcb1fc2a,gained.agency,available,3.6,25.23,medium,low,6,porkbun,,,28/09/2026 08:35
f5009a13-bd8e-4314-a665-8e10092524f0,leaded.agency,available,4.98,41.98,medium,low,6,namecheap,,,22/08/2026 21:42
f98b0bac-e8dd-4dce-a6be-cbba6ec2ffd2,imagery.agency,available,3.6,25.23,high,low,7,porkbun,,,29/09/2026 19:16
f4c76b22-bf90-42dd-b44f-520430e9a2c8,sloppy.agency,available,4.98,41.98,high,low,6,namecheap,,,08/08/2026 08:22
6c4ea9dc-7e41-4a3a-9359-0fe1e972291f,mystifying.agency,available,4.98,41.98,medium,low,10,namecheap,,,13/08/2026 09:39
5f25082b-6c0e-46cb-89e1-e2279ada1c70,photographers.agency,resell,,,medium,low,13,"Sav.com, LLC",11/01/2026 19:26,11/01/2027 19:26,26/09/2026 08:08
7cc1c4dd-69d1-4902-ade6-0ec82e57a778,refusing.agency,available,9.99,30.99,low,low,8,namesilo,,,17/09/2026 15:40
e17405db-b0f7-40a8-b7a0-bc30b53c5493,omissive.agency,available,4.98,41.98,medium,low,8,namecheap,,,04/09/2026 02:28
2379085e-be53-4866-b002-4f0de1a2148e,kuwaiti.agency,available,4.98,41.98,high,low,7,namecheap,,,22/08/2026 17:05
3dd07e8b-47cf-4d23-9ee1-291c49dba994,tabular.agency,available,4.98,41.98,high,low,7,namecheap,,,11/09/2026 06:55
826c6ace-5f1e-4824-9e3f-14078bbeecfe,tenured.agency,available,4.98,41.98,medium,low,7,namecheap,,,11/09/2026 11:43
f044fa68-797b-417b-933e-30365f9455b9,goddamned.agency,available,4.98,41.98,medium,low,9,namecheap,,,10/08/2026 12:48
381750cd-e3ca-4be9-aac5-aadbeefdbbc4,turmoil.agency,available,3.6,25.23,medium,low,7,porkbun,,,29/09/2026 19:12
b2bee079-c480-4f76-b7d7-110e47650fb7,outlawed.agency,available,4.98,41.98,medium,low,8,namecheap,,,21/08/2026 19:52
80ce9b1e-0e74-41e9-80c8-97b1f78b2e79,photography.agency,resell,,,high,low,11,"Spaceship, Inc.",21/08/2021 06:11,21/08/2027 06:11,28/09/2026 07:43
cd70be1e-fe2f-484d-9b5c-6f0e720655e1,niosh.agency,available,4.98,41.98,high,low,5,namecheap,,,02/10/2026 00:36
e0ad3ea8-2efc-497b-b329-89559e731107,perak.agency,available,4.34,25.04,medium,low,5,spaceship,,,01/10/2026 07:56
d1878570-4bb1-4607-ab46-9971c31fe746,anamorphic.agency,available,4.98,41.98,medium,low,10,namecheap,,,
cb7df8ba-f2af-48f7-9938-3e35f4e2576a,dames.agency,available,4.34,25.04,medium,low,5,spaceship,,,30/09/2026 15:29
797c1068-7d39-4a87-9003-f234549b8092,loftus.agency,available,9.5,,medium,low,6,unstoppable,,,30/09/2026 13:52
bab0f508-9f4b-4561-adb3-6a58071854f4,jumping.agency,available,4.98,41.98,high,low,7,namecheap,,,08/09/2026 06:49
01448433-7266-480f-b327-cd707259d27e,gavin.agency,resell,,,high,low,5,"Sav.com, LLC - 24",30/09/2025 15:15,30/09/2027 15:15,01/10/2026 04:43
030c836a-13d3-4dc1-a50f-a49d353f17d7,recital.agency,available,4.34,25.04,high,low,7,spaceship,,,29/09/2026 02:00
c008ed0e-bf6b-40f5-839a-c71e19a9f11e,aerogramme.agency,available,9.99,30.99,medium,low,10,namesilo,,,17/09/2026 13:05
1c45273f-b019-4188-8be2-0e047748e30c,older.agency,available,4.98,41.98,high,low,5,namecheap,,,21/09/2026 22:32
1c8c612b-3185-443b-b445-40665b05e1a5,association.agency,resell,,,high,low,11,,,,27/09/2026 21:32
63694bcf-f14d-4e9c-9117-31e5d6194375,crabby.agency,available,4.98,41.98,medium,low,6,namecheap,,,08/08/2026 07:43
352ca569-7366-4dac-a3ba-f6cdc7b2142d,iraqi.agency,available,4.98,41.98,high,low,5,namecheap,,,22/08/2026 09:35
3e5405e9-e57b-4bbb-b53d-8dc480c31afc,hypnagogic.agency,available,4.98,41.98,medium,low,10,namecheap,,,21/08/2026 17:03
62a84be4-2a23-4164-9883-d3c5eef799c6,acetylene.agency,available,9.99,30.99,medium,low,9,namesilo,,,17/09/2026 00:22
b9122dff-44e1-48d8-b919-cc7e37f99a5d,acarus.agency,available,4.98,41.98,medium,low,6,namecheap,,,16/09/2026 21:38
d5849276-dbe6-4060-aa07-27e4a2b833bf,undated.agency,available,4.98,41.98,medium,low,7,namecheap,,,12/09/2026 06:58
cce82da8-fd39-4f8b-93f8-292de83b8da0,rarefy.agency,available,4.98,41.98,medium,low,6,namecheap,,,07/08/2026 15:31
b2f2c6ad-346c-446a-b7fd-b442cde58fed,wire.agency,resell,,,high,low,4,"Sav.com, LLC - 9",19/07/2023 15:15,19/07/2027 15:15,29/09/2026 05:42
9cf2fdfc-20ac-4daa-b5eb-62058e4ad480,chalybeate.agency,available,4.98,41.98,medium,low,10,namecheap,,,12/08/2026 01:32
caccd8c5-abb8-4854-a663-b2d7ca913d0f,chaldean.agency,available,4.98,41.98,medium,low,8,namecheap,,,12/08/2026 01:26
47c5efff-49d2-4f10-90ee-f99d57d853ec,npl.agency,available,24.2,24.2,medium,low,3,cloudflare,,,30/09/2026 20:55
8c51b216-574a-43c8-b4c1-a79667a973c1,lizzie.agency,available,9.99,30.99,high,low,6,namesilo,,,28/09/2026 11:45
2943dc3a-b1a9-4a7f-a595-ea4a92165edb,orchestral.agency,available,4.98,41.98,high,low,10,namecheap,,,04/09/2026 17:42
406df903-3daa-4b65-be49-8a8bbfe54e6a,ormond.agency,available,4.34,25.04,medium,low,6,spaceship,,,29/09/2026 15:48
f872da2e-8261-4c62-99ea-3af99bf75d6f,loses.agency,available,9.99,30.99,medium,low,5,namesilo,,,27/09/2026 11:07
ff01130a-5548-42dc-b737-980bd805c57c,packages.agency,available,9.99,30.99,medium,low,8,namesilo,,,19/09/2026 00:23
e9435185-9a03-4adb-b704-c1f86f834656,returning.agency,available,4.34,25.04,high,low,9,spaceship,,,27/09/2026 13:35
ba08705d-ff83-44ed-9427-eb02f4dd6218,intercede.agency,available,4.98,41.98,high,low,9,namecheap,,,22/08/2026 08:12
a6610558-0e1e-468f-82c1-67131ce5e9a6,goddard.agency,resell,,,medium,low,7,,,,30/09/2026 01:46
16f9d742-aa60-4a0b-a70e-2cb41fe76881,artemia.agency,available,9.99,30.99,medium,low,7,namesilo,,,20/09/2026 10:09
918a730e-b45c-49c6-a200-b4982ad930a2,essen.agency,available,9.5,,medium,low,5,unstoppable,,,28/09/2026 19:08
e35a6be2-dcd8-4dd1-b9c0-80c4169c8ece,pneumonia.agency,available,4.34,25.04,medium,low,9,spaceship,,,28/09/2026 06:36
dd0965ef-5875-4a06-b8a1-59947ec22af7,portent.agency,available,4.98,41.98,medium,low,7,namecheap,,,09/09/2026 02:55
3f54c2b1-180d-484c-aa34-755ad455f34c,carter.agency,premium,78.54,78.54,high,low,6,namesilo,,,29/09/2026 06:16
65ce5473-5805-4f37-9338-0d28269142d5,gullible.agency,available,4.98,41.98,medium,low,8,namecheap,,,18/08/2026 07:40
8abc8cf7-084f-473c-9a5d-9b805a5275b4,summer.agency,resell,,,high,low,6,,,,27/09/2026 05:34
1a9019cc-3805-444e-856d-113a0400af56,cleanly.agency,available,4.98,41.98,high,low,7,namecheap,,,12/08/2026 10:21
0e8950b0-25a0-4c82-8202-c1e7086bfbf2,roadway.agency,available,4.34,25.04,high,low,7,spaceship,,,01/10/2026 21:33
be4790c0-aee1-45d9-b339-2dc7e2b26b30,sprouted.agency,available,4.98,41.98,medium,low,8,namecheap,,,10/09/2026 16:55
e276b361-6ad3-4213-afee-ba816b3a599d,clorox.agency,available,9.99,30.99,high,low,6,namesilo,,,24/09/2026 15:53
499c4679-cabf-4b37-923b-18f8be7b4899,aia.agency,resell,,,high,low,3,,,,28/09/2026 21:25
24256efe-21ca-44d5-9d55-8458efc0ede4,pulls.agency,available,9.99,30.99,medium,low,5,namesilo,,,16/09/2026 23:15
842d2cef-244e-4d8f-98b0-3d0e6b07dbdc,shaky.agency,available,9.99,30.99,medium,low,5,namesilo,,,27/09/2026 14:56
4efc4259-5b73-471f-bd4c-58d7ad493900,mcwilliams.agency,available,9.99,30.99,medium,low,10,namesilo,,,02/10/2026 01:12
a38756c5-f5f4-4872-a2ee-bc65825d4bc4,duplicity.agency,available,4.98,41.98,medium,low,9,namecheap,,,14/08/2026 16:52
454b4b68-dd9d-422b-9e4b-7508a2ae9182,anthurium.agency,available,9.99,30.99,medium,low,9,namesilo,,,19/09/2026 13:58
fa460795-6493-4298-9b3f-812a96d4b235,eyebrow.agency,available,9.99,30.99,medium,low,7,namesilo,,,01/10/2026 01:59
bf8b5100-c617-4d43-ad7b-3d37cab923b8,tables.agency,available,9.99,30.99,high,low,6,namesilo,,,27/09/2026 02:00
be6e6d0c-0dc7-44af-988e-a7747d068a3e,rimbaud.agency,available,9.99,30.99,medium,low,7,namesilo,,,20/09/2026 11:03
e811b50e-250a-4b01-9dde-079a7de15890,proclamation.agency,available,24.2,24.2,high,low,12,cloudflare,,,29/09/2026 16:06
df1f4c41-40aa-4ffe-a871-fbe2a8c3ddfe,baal.agency,available,9.99,30.99,high,low,4,namesilo,,,21/09/2026 12:05
6ebd90f9-29e5-4e85-849a-12335b62ffd8,sacrificed.agency,available,4.34,25.04,low,low,10,spaceship,,,28/09/2026 17:16
7e228350-768d-4720-a87c-a31d157aa9da,crowell.agency,available,4.34,25.04,medium,low,7,spaceship,,,29/09/2026 09:14
e8fcfc8a-28d0-48d6-804e-ad17cbabbea1,fatherly.agency,available,4.98,41.98,high,low,8,namecheap,,,17/08/2026 23:36
8766b883-8b5d-46c7-a2c6-5b1a10def7cf,lucie.agency,available,3.6,25.23,medium,low,5,porkbun,,,28/09/2026 21:31
defaabea-9f98-40af-a897-b68e89d43789,bootleg.agency,available,4.98,41.98,high,low,7,namecheap,,,22/09/2026 21:19
bfbdbf1e-68a3-4e8e-84b4-e8456a90a14b,engels.agency,available,9.99,30.99,medium,low,6,namesilo,,,28/09/2026 14:01
5cfaaa61-0893-4351-a7ef-83c1482060c4,panty.agency,available,4.98,41.98,high,low,5,namecheap,,,09/09/2026 22:42
a7c53cc2-6c86-41a0-bd4b-2dae2e5e7569,dismissal.agency,available,4.34,25.04,high,low,9,spaceship,,,29/09/2026 15:57
2e440ae1-2250-4769-b8c4-262e3db7dc79,abradant.agency,available,4.98,41.98,medium,low,8,namecheap,,,
a0e2c6c1-8a1c-4b6f-a2f2-31cd256f11f0,unbalanced.agency,available,4.98,41.98,medium,low,10,namecheap,,,11/08/2026 01:50
544ef89e-01ff-4d7e-b04f-54fd065e3eb3,cationic.agency,available,4.98,41.98,medium,low,8,namecheap,,,11/08/2026 22:07
00f33525-5c7c-4efd-ba9a-33f2d0fdad71,spaciously.agency,available,4.98,41.98,medium,low,10,namecheap,,,16/09/2026 00:04
d81cee81-7c75-4671-94d7-66bcb8f8f7fa,slyness.agency,available,4.98,41.98,medium,low,7,namecheap,,,13/08/2026 10:43
80c95462-f9bf-4a3d-89ea-6a821b2041e9,robes.agency,available,4.34,25.04,medium,low,5,spaceship,,,29/09/2026 23:27
ddc761c9-a9e0-44f4-9852-ecb60702e457,eyepiece.agency,available,4.98,41.98,medium,low,8,namecheap,,,04/09/2026 00:46
0b897ca8-3457-4824-a052-0807e9b0a715,shockingly.agency,available,4.98,41.98,medium,low,10,namecheap,,,16/09/2026 01:31
46ae1175-62bc-434e-a1e2-ed58daf4b5c3,modesto.agency,premium,23.6,23.6,medium,low,7,namesilo,,,29/09/2026 15:37
c4667da8-08b7-40bc-8b10-726beb093ce4,amiss.agency,available,4.98,41.98,medium,low,5,namecheap,,,
47c23afd-a1d3-4e78-a5d7-6097336c406c,petroleum.agency,resell,,,high,low,9,"Sav.com, LLC - 25",05/08/2026 15:15,05/08/2027 15:15,26/09/2026 08:07
b3a1c67f-c801-4615-8d0e-5338149a164d,ottar.agency,available,4.98,41.98,medium,low,5,namecheap,,,20/09/2026 19:29
555f64f2-10e5-4568-af58-df75e3223cb0,length.agency,available,9.99,30.99,high,low,6,namesilo,,,30/09/2026 02:48
a42227da-5865-45e3-80c8-02cccc8c0c72,balloons.agency,available,9.5,,medium,low,8,unstoppable,,,28/09/2026 18:12
53d6fe02-6315-45e5-aac2-9b272c929641,ahuehuete.agency,available,4.98,41.98,medium,low,9,namecheap,,,17/09/2026 20:34
44d4c08f-ea3f-4fcf-8be6-f1dde3844b39,schuyler.agency,available,9.99,30.99,medium,low,8,namesilo,,,28/09/2026 04:05
3ec7d5f4-2efd-4620-837a-1be8cd90cb12,episodic.agency,available,4.98,41.98,medium,low,8,namecheap,,,17/08/2026 11:11
3a5f7f04-a5a3-4a82-a386-a78f69d29a34,kathleen.agency,premium,23.6,23.6,high,low,8,namesilo,,,25/09/2026 14:34
aff33384-93a8-4ed5-9a7a-a84066933549,occupier.agency,available,4.98,41.98,high,low,8,namecheap,,,09/09/2026 14:58
5ac43230-b43a-44fa-a636-463669c8c047,outright.agency,available,4.98,41.98,high,low,8,namecheap,,,04/09/2026 19:35
09c38a73-8d98-4ae9-a7e6-3639eed4ea8a,pigboat.agency,available,4.98,41.98,medium,low,7,namecheap,,,11/09/2026 00:21
baaba30f-f1b3-4dd3-8c6a-d724c91f7912,olga.agency,resell,,,medium,low,4,,,,27/09/2026 01:37
e8b86afc-a613-4e0b-9a38-e53b9002ebc8,dryers.agency,available,9.99,30.99,medium,low,6,namesilo,,,21/09/2026 07:40
7c413b38-fa6e-4775-b1ad-e1ed9f146add,cupping.agency,available,4.98,41.98,high,low,7,namecheap,,,24/09/2026 20:18
03ad6d21-02be-467a-b7e5-30e67840d156,grips.agency,available,3.6,25.23,medium,low,5,porkbun,,,02/10/2026 01:51
4ea0fe6b-7ad3-46a5-9fc5-396f34c2e5cd,fruitful.agency,resell,,,high,low,8,"Sav.com, LLC",09/07/2025 19:29,09/07/2027 19:29,26/09/2026 06:16
b94d25a4-d162-4fca-b322-bd8030045cef,corona.agency,premium,23.6,23.6,high,medium,6,namesilo,,,28/09/2026 23:19
6926fab2-2b5f-40c2-bd8f-2a87e112b872,pool.agency,resell,,,high,medium,4,Dynadot Inc,03/10/2022 13:15,03/10/2027 13:15,29/09/2026 11:12
e47efba1-d28a-49b5-a87e-9f02bb9975fb,turnbull.agency,available,24.2,24.2,medium,low,8,cloudflare,,,28/09/2026 08:25
fcbea21b-b3cb-4f6f-8126-4064abbe5ff0,forbidden.agency,available,4.98,41.98,medium,low,9,namecheap,,,18/08/2026 10:59
06245448-bf06-4ef5-8330-a8d2f0030646,bauxite.agency,available,9.99,30.99,medium,low,7,namesilo,,,22/09/2026 16:42
103fa606-3e8a-403c-9c5a-55def88bb146,zionist.agency,available,4.98,41.98,high,low,7,namecheap,,,13/09/2026 15:21
ce7559a2-cc1c-4758-9f13-9d7437f3b921,idk.agency,resell,,,medium,low,3,"Sav.com, LLC - 7",26/03/2026 15:15,26/03/2027 15:15,26/09/2026 06:47
3a63247a-90b0-47e5-abea-56893b95ec5e,hind.agency,available,4.98,41.98,medium,low,4,namecheap,,,21/08/2026 09:26
faa89b91-b225-4885-8e2d-d4db0b5e2813,encyclical.agency,available,4.98,41.98,medium,low,10,namecheap,,,17/08/2026 00:42
cb6c12a6-d242-463c-bc87-78c30721b028,unfailing.agency,available,4.98,41.98,high,low,9,namecheap,,,18/08/2026 10:39
1d3d2c65-f4f2-4a5f-93f4-dd1589ce82e6,tackle.agency,available,9.99,30.99,high,low,6,namesilo,,,28/09/2026 05:46
8c520e6f-af81-42c1-af95-ecbc055e1ef4,mai.agency,resell,,,high,medium,3,Dynadot Inc,19/08/2025 19:57,19/08/2027 19:57,26/09/2026 07:23
11096f34-d3ae-480b-bfa7-1c55f31a7c1b,pretence.agency,available,9.99,30.99,medium,low,8,namesilo,,,25/09/2026 16:31
81397bbe-b17a-4b4c-ab24-20fbd22193f1,happiest.agency,available,4.98,41.98,medium,low,8,namecheap,,,18/09/2026 04:16
2a73cf9a-946c-4e33-89ba-721edbc8753b,knees.agency,available,9.99,30.99,medium,low,5,namesilo,,,17/09/2026 07:20
a890d818-05b7-47af-b731-a8b312115908,bedframe.agency,available,9.99,30.99,medium,low,9,namesilo,,,22/09/2026 23:17
ed46ebf6-3bf7-4e16-afe1-6addda6b416b,technologist.agency,available,9.99,30.99,high,low,12,namesilo,,,30/09/2026 02:33
328bd674-b7fb-4855-9f38-ef1dd49f54b8,asbestosis.agency,available,9.99,30.99,medium,low,10,namesilo,,,20/09/2026 12:56
bc14e44a-27ca-4d5b-9f15-8e3320b0ca58,scrubby.agency,available,4.98,41.98,medium,low,7,namecheap,,,09/09/2026 23:39
848606ad-ed59-4ea6-b946-02a0449a6a5c,nonaligned.agency,available,4.98,41.98,medium,low,10,namecheap,,,03/09/2026 18:44
e7e74abe-f09a-4351-8fea-e8f98ae21911,contralto.agency,available,4.98,41.98,medium,low,9,namecheap,,,
52946e5e-14be-4d77-bb6f-1c9c59ddde29,shakable.agency,available,4.98,41.98,medium,low,8,namecheap,,,10/09/2026 05:32
4b35bea9-f602-481c-b59b-522357b3eaf3,nippy.agency,available,4.98,41.98,medium,low,5,namecheap,,,03/09/2026 17:42
4300b70a-bc23-4abd-9781-a7cdb90aee8a,unexpectedly.agency,available,24.2,24.2,medium,low,12,cloudflare,,,29/09/2026 03:10
873e5fa0-9363-4412-b678-58662231c1d6,undue.agency,available,4.98,41.98,medium,low,5,namecheap,,,17/08/2026 16:19
b947dc11-27c9-4968-9b80-1225d143a3b6,nitrate.agency,available,4.34,25.04,high,low,7,spaceship,,,30/09/2026 18:12
1b95f7b7-df57-4d0d-97f3-fa6cb821f45c,alertness.agency,available,9.99,30.99,high,low,9,namesilo,,,18/09/2026 05:27
170fd0f9-43b8-40ef-bbe5-3bee824b2ddd,xxiii.agency,available,,,medium,low,5,,,,
0585301c-54fc-4793-9c45-7e2f6aa5dad2,folksy.agency,available,4.98,41.98,medium,low,6,namecheap,,,13/08/2026 04:22
21f76832-f03e-4ff9-9c12-ed32bfb8611f,newington.agency,available,9.99,30.99,medium,low,9,namesilo,,,30/09/2026 14:04
0d45893f-0c88-4019-b69f-3752b084be5b,deceiving.agency,available,9.99,30.99,medium,low,9,namesilo,,,02/10/2026 01:33
38d9f843-6807-469f-827e-67b5d69dfe4f,athlete.agency,resell,,,high,low,7,"Sav.com, LLC",01/06/2025 20:06,01/06/2027 20:06,28/09/2026 22:57
d46655e8-fc93-4cbc-8be0-fc2895ab2240,midlothian.agency,available,3.5,25.9,medium,low,10,dynadot,,,30/09/2026 21:02
4eed7a3e-0739-409c-a2ce-56e3215d7c37,scab.agency,available,9.99,30.99,medium,low,4,namesilo,,,24/09/2026 02:52
1ccc68d7-39c3-4182-87d7-a4176ff9c29c,asset.agency,resell,,,high,low,5,"Spaceship, Inc.",09/03/2020 01:57,09/03/2027 01:57,01/10/2026 02:31
730bc0b9-2b12-41d9-a500-5991dd591846,occident.agency,available,4.98,41.98,medium,low,8,namecheap,,,13/09/2026 10:49
346f86ae-5c1e-48b8-b84b-c623d9cdf02b,vindicator.agency,available,4.98,41.98,medium,low,10,namecheap,,,19/09/2026 18:48
31a2f91b-dc4b-43ed-8a18-bd5886058ad5,agitation.agency,available,4.98,41.98,medium,low,9,namecheap,,,17/09/2026 18:06
b651d185-c63d-4701-9c50-cc75c745b841,aggregates.agency,available,9.99,30.99,low,low,10,namesilo,,,28/09/2026 08:51
785aaefd-5975-498c-9cdd-b3ef807664f2,seedy.agency,available,,,medium,low,5,,,,
67faaf92-aa9d-46ac-88a8-1cfca1792c84,antiquities.agency,available,9.99,30.99,medium,low,11,namesilo,,,02/10/2026 01:45
1a6774f1-d942-4a4c-b43f-09005c623413,eastern.agency,premium,78.54,78.54,high,low,7,namesilo,,,24/09/2026 13:10
8cfb1ad4-794a-4ec1-a784-decd2da73a95,experience.agency,resell,,,high,medium,10,"Spaceship, Inc.",01/10/2022 13:15,01/10/2027 13:15,02/10/2026 04:43
2b237a8d-5d93-4af4-a44b-9d48fc80e361,fills.agency,available,3.5,25.9,medium,low,5,dynadot,,,29/09/2026 11:18
3a557b6e-b056-4449-ae74-407ea96e860c,redwood.agency,resell,,,high,low,7,,,,02/10/2026 06:14
3da7f309-3256-48d7-be78-8da59fad51b5,snuff.agency,available,4.98,41.98,high,low,5,namecheap,,,12/08/2026 07:39
d1871cdb-7030-4aa1-a020-0e6e7b46d7ed,marbled.agency,available,4.98,41.98,high,low,7,namecheap,,,24/08/2026 15:47
67a9e775-8b92-4953-b61b-30ec44ef1e75,diffuse.agency,resell,,,high,low,7,"Spaceship, Inc.",07/07/2026 20:03,07/07/2027 20:03,26/09/2026 05:33
457044f0-0cb4-4743-8ee7-df596cc78750,kankakee.agency,available,4.34,25.04,medium,low,8,spaceship,,,30/09/2026 22:09
36441d30-0f58-49d5-8f7a-1660c1b597b0,damp.agency,available,5.99,39.99,medium,low,4,name.com,,,13/08/2026 16:39
39815e0d-504f-4248-b806-322b349d0fc9,expository.agency,available,4.98,41.98,medium,low,10,namecheap,,,17/08/2026 18:39
41f7f9e4-cef3-4097-9590-4e4c43e9998e,bandleader.agency,available,4.98,41.98,high,low,10,namecheap,,,22/09/2026 01:25
dc37ffaa-f6b9-4b29-b784-3687f58d2814,symptoms.agency,available,3.6,25.23,medium,low,8,porkbun,,,27/09/2026 22:08
02f22fd2-5c8e-4a4c-95bb-6ba5e5079f88,untied.agency,available,4.98,41.98,high,low,6,namecheap,,,12/09/2026 05:00
d7e42ca0-4886-42ad-9d2c-8dd7ab739a73,mem.agency,resell,,,high,low,3,,,,01/10/2026 20:31
43bf8681-ef0e-4efa-9316-0c592d1bf908,torpedoes.agency,available,4.34,25.04,low,low,9,spaceship,,,29/09/2026 11:10
1fa9bf03-9516-4338-b3a9-e81a121ce0d9,newbie.agency,resell,,,high,low,6,"Sav.com, LLC - 45",18/08/2025 15:15,18/08/2027 15:15,26/09/2026 07:45
b192ca2c-e359-40c7-a5da-77a13c49558d,soursop.agency,available,4.98,41.98,medium,low,7,namecheap,,,19/09/2026 10:36
86f1aca3-bb35-4b30-b9b9-11adadcbb159,ownership.agency,resell,,,high,low,9,,,,28/09/2026 15:02
03a07a35-affb-4250-840e-c82bb47f7cea,hammy.agency,available,4.98,41.98,medium,low,5,namecheap,,,20/08/2026 23:05
a181848b-d542-48de-b503-c8f836f1874d,responds.agency,available,9.99,30.99,medium,low,8,namesilo,,,20/09/2026 08:24
df9a09ea-c803-48a1-aa65-b7d5c9bfa427,victims.agency,available,5.99,39.99,medium,low,7,name.com,,,18/09/2026 21:07
a4043c48-40c8-4d84-a48c-8c308092ad89,eddie.agency,resell,,,high,low,5,"Sav.com, LLC - 49",23/07/2026 15:15,23/07/2027 15:15,01/10/2026 08:35
fb99a75a-4296-49bc-86b7-8974945b3cac,tipped.agency,available,4.98,41.98,high,low,6,namecheap,,,07/08/2026 13:33
821ef9da-3f88-4a58-a8b0-19883711ad23,meters.agency,available,9.5,,medium,low,6,unstoppable,,,28/09/2026 05:01
d1d82bf1-feab-4510-bf4c-08bcfaf9bd8a,acrylate.agency,available,4.98,41.98,medium,low,8,namecheap,,,17/09/2026 04:05
ca511e7b-6155-494a-80ac-0f7a7d69b851,aba.agency,resell,,,high,low,3,"Sav.com, LLC - 7",04/03/2026 15:15,04/03/2027 15:15,26/09/2026 01:18
1e5ee19f-d804-4fd4-81ad-05d733421947,trouper.agency,available,9.99,30.99,high,low,7,namesilo,,,22/09/2026 06:54
f321aeb5-1dd8-4369-9159-a330cebb8a10,anther.agency,available,9.99,30.99,medium,low,6,namesilo,,,19/09/2026 13:08
6db720b3-fa4e-404f-9e94-358507ae7fb0,week.agency,resell,,,high,low,4,"Sav.com, LLC - 35",29/01/2026 15:15,29/01/2027 15:15,29/09/2026 05:49
0ded1b28-dfdc-4cb0-8fc4-28cb05707c89,adjoining.agency,available,9.99,30.99,medium,low,9,namesilo,,,30/09/2026 03:23
d0ff75d2-d1c9-4c00-bdfc-bcced12798a6,accommodate.agency,available,24.2,24.2,high,low,11,cloudflare,,,30/09/2026 23:34
a4f98594-4da0-4642-91e5-bd0fbd953ee8,heuristics.agency,available,9.99,30.99,high,low,10,namesilo,,,02/10/2026 02:40
5415f1f5-d429-4dd7-94d5-0a66800352b4,homicide.agency,available,9.99,30.99,medium,low,8,namesilo,,,25/09/2026 07:26
e03779dc-bf37-4855-a7f3-cd53e4622b1a,fey.agency,available,4.98,41.98,medium,low,3,namecheap,,,16/08/2026 03:39
df062b3b-5e28-40c5-b666-bd73dd38d619,memorably.agency,available,4.98,41.98,medium,low,9,namecheap,,,15/09/2026 14:01
40696c4a-59c6-48a6-866d-86e19f9bfa19,determined.agency,available,9.99,30.99,high,low,10,namesilo,,,24/09/2026 07:38
578a1c4d-97bf-4f33-b041-8587aa6ea759,griffiths.agency,premium,118.8,118.8,medium,low,9,namesilo,,,26/09/2026 03:40
fafb0c5c-fc01-4220-8b68-5c5a2d5a8760,macau.agency,resell,,,high,low,5,,,,29/09/2026 01:37
7d5472cb-5fbd-4560-a2bb-62cda6b83cf1,galangal.agency,available,9.99,30.99,medium,low,8,namesilo,,,18/09/2026 14:03
09b5f508-31d5-4f40-b1a2-d395617c3e99,mindfully.agency,available,4.98,41.98,medium,low,9,namecheap,,,13/09/2026 17:29
c9509f56-27bb-45d9-9408-f3a30f304c6a,dumped.agency,available,9.99,30.99,low,low,6,namesilo,,,27/09/2026 03:17
fc61f15b-3f84-4574-b8e7-4c35cf1a62db,nikola.agency,available,3.5,25.9,high,low,6,dynadot,,,29/09/2026 22:11
b5ade4ca-74aa-473d-8b3a-6fe70b2d911b,stair.agency,available,4.34,25.04,medium,low,5,spaceship,,,29/09/2026 20:26
2311b4d4-db2d-4d80-b2a0-b0694c3f565a,nkvd.agency,available,4.34,25.04,medium,low,4,spaceship,,,30/09/2026 04:47
5241c101-d400-4f31-abea-43c685f814d6,leftovers.agency,available,4.34,25.04,high,low,9,spaceship,,,01/10/2026 20:16
6d90a321-a42c-4fd8-9411-c173c48038c9,ancients.agency,available,9.99,30.99,high,low,8,namesilo,,,19/09/2026 03:51
36e00651-f2d5-49ab-b3cd-a85400df923f,felony.agency,available,9.5,,medium,low,6,unstoppable,,,28/09/2026 09:45
39c9621d-db32-4b65-ab24-bf1adeabd808,baboo.agency,available,9.99,30.99,high,low,5,namesilo,,,21/09/2026 12:51
8049502e-16c5-4c05-ae9a-6f1cebde6099,eldon.agency,available,9.99,30.99,medium,low,5,namesilo,,,30/09/2026 04:31
5e713df2-6b17-4eae-9839-96dae7d04341,courtesy.agency,available,4.98,41.98,high,low,8,namecheap,,,24/09/2026 18:48
c203dcda-ef7d-4ad7-af8b-fc30f8577a53,debase.agency,available,4.98,41.98,medium,low,6,namecheap,,,
2139d71a-fd45-4fca-a675-006b7971846f,biosensors.agency,available,9.99,30.99,medium,low,10,namesilo,,,21/09/2026 02:37
d91f48f3-a513-45a1-b88f-1702660798d3,katherine.agency,premium,,,high,low,9,,,,28/09/2026 03:49
f696b13e-7d8b-4e21-bca1-bee0e3313afb,rufus.agency,available,4.34,25.04,medium,low,5,spaceship,,,28/09/2026 16:19
f7f64825-cf92-43b9-973e-2f901be941d5,commenting.agency,available,3.6,25.23,high,low,10,porkbun,,,01/10/2026 22:00
5a731793-0e8d-4d05-8faf-d8cce7aecd97,epizoon.agency,available,4.98,41.98,medium,low,7,namecheap,,,15/08/2026 00:52
23c75920-691e-450a-9c2e-2184975f7639,comate.agency,available,4.98,41.98,low,low,6,namecheap,,,12/08/2026 18:20
562fc04c-65fb-427a-8caa-c68ceea06e66,pornography.agency,available,9.5,,high,low,11,unstoppable,,,28/09/2026 12:37
3e2a528a-dfd3-4ae6-b54e-9cf7fd8cfbbf,weekly.agency,resell,,,high,low,6,"Sav.com, LLC",13/03/2026 22:46,13/03/2027 22:46,26/09/2026 10:06
5878bdf6-1a8d-4dc4-be48-7d0ee294d651,magistrate.agency,available,9.5,,high,low,10,unstoppable,,,01/10/2026 02:56
729a2e00-7d2d-4cd2-825a-17c6b4d3f915,sternal.agency,available,4.98,41.98,low,low,7,namecheap,,,10/09/2026 20:18
cc82cd9a-e56f-4791-b875-a6946c7801e9,synchronise.agency,available,4.34,25.04,high,low,11,spaceship,,,01/10/2026 19:48
be4df3d4-b7ad-4c67-bc22-2cecd0b60535,abner.agency,available,4.34,25.04,medium,low,5,spaceship,,,30/09/2026 06:13
e66f5f2c-0004-4a9a-aaa3-89772bcfedb3,palmate.agency,available,4.98,41.98,medium,low,7,namecheap,,,04/09/2026 23:55
7e4e5b8a-3772-46ba-88e7-261f30460816,carmichael.agency,available,9.99,30.99,medium,low,10,namesilo,,,28/09/2026 02:01
ca1c320b-00ef-4ccd-8176-1d9045756901,melinda.agency,available,3.5,25.9,medium,low,7,dynadot,,,28/09/2026 21:22
7a623ce0-312c-4602-a51f-c26b2766006c,acarid.agency,available,4.98,41.98,medium,low,6,namecheap,,,16/09/2026 21:26
e3efdfe0-3dd4-419a-8d5d-4a21dd6f24fc,hemic.agency,available,4.98,41.98,low,low,5,namecheap,,,20/08/2026 21:49
f794b9a2-7751-420a-b2b7-6a412a45ffd3,maidenly.agency,available,4.98,41.98,medium,low,8,namecheap,,,24/08/2026 13:14
d4c72003-2f78-43da-9b40-c3dfb2d28cd9,apoptosis.agency,available,4.98,41.98,medium,low,9,namecheap,,,19/09/2026 19:14
886824dc-613a-49ce-9110-acd71b53c915,midmost.agency,available,4.98,41.98,medium,low,7,namecheap,,,24/08/2026 22:29
d3fb1ec8-401e-4d03-b5e6-4a3c4b80ef62,nontoxic.agency,available,4.98,41.98,medium,low,8,namecheap,,,18/09/2026 21:11
4f4aedad-4e7f-448d-95b6-9e8282eb3722,attachable.agency,available,4.98,41.98,medium,low,10,namecheap,,,07/08/2026 15:36
2b6b8ace-3881-4c78-8008-2e8f520a7dca,maximizing.agency,available,4.98,41.98,high,low,10,namecheap,,,24/08/2026 17:56
04f0b4e8-61cb-40ad-acef-f1aabb37a315,strenuous.agency,available,4.98,41.98,medium,low,9,namecheap,,,10/09/2026 21:45
0c0576ee-039e-4abc-a17e-0a82836c8e96,scenarios.agency,available,24.2,24.2,medium,low,9,cloudflare,,,29/09/2026 17:21
6fbb3a2c-f13b-4ffb-a671-7038f041589a,kathmandu.agency,available,4.34,25.04,medium,low,9,spaceship,,,29/09/2026 06:13
f4eec23e-f12c-4619-8c92-f4caf99f092f,jan.agency,resell,,,high,low,3,"Sav.com, LLC - 39",25/06/2026 15:15,25/06/2027 15:15,30/09/2026 00:39
bf1aafd3-207a-4bdd-8107-96f805409cc5,potable.agency,available,4.98,41.98,high,low,7,namecheap,,,14/08/2026 19:25
966a60b9-09ee-4d48-a3ad-e541a6112880,bjp.agency,available,9.99,30.99,high,low,3,namesilo,,,02/10/2026 06:38
3527f3e7-3240-4cbe-9192-78945b7c408c,propranolol.agency,available,9.99,30.99,medium,low,11,namesilo,,,20/09/2026 00:29
2cfdcbc6-70d0-4f60-b721-a2e27d0b1bc2,boding.agency,available,4.98,41.98,medium,low,6,namecheap,,,18/08/2026 11:34
0ea8f626-3dc7-4f51-b17c-aa96ea119e2e,aggressor.agency,available,9.99,30.99,medium,low,9,namesilo,,,17/09/2026 17:41
de895761-3d79-4458-8b14-1bbf728130e8,aare.agency,available,9.99,30.99,medium,low,4,namesilo,,,16/09/2026 13:18
ee03d563-7d03-441d-b258-937205db51d6,doherty.agency,premium,,,medium,low,7,,,,28/09/2026 04:19
3c6295a6-8a1c-4ae9-a3a0-77f8cec09f13,peafowl.agency,available,4.98,41.98,high,low,7,namecheap,,,23/09/2026 20:05
e8fb8b62-3337-4c32-93b5-413f4687b6b6,settlement.agency,available,9.99,30.99,high,low,10,namesilo,,,28/09/2026 01:43
c9ae941a-55db-46e1-bc77-fa48dfa6500a,complained.agency,available,9.5,,low,low,10,unstoppable,,,28/09/2026 17:47
e3b2c08e-d429-48f6-b190-ac841dd662f1,ditch.agency,available,9.99,30.99,high,low,5,namesilo,,,24/09/2026 23:15
1df40081-4581-4d38-81a8-006b2abcfea5,illiteracy.agency,available,9.99,30.99,medium,low,10,namesilo,,,19/09/2026 01:54
e9f855ba-dedd-480c-b748-38377f85f1f1,replacing.agency,available,9.5,,medium,low,9,unstoppable,,,29/09/2026 02:02
59f62d7c-099d-42e3-a445-084dd87272d2,dystopian.agency,available,4.98,41.98,medium,low,9,namecheap,,,14/08/2026 22:10
eded4eae-10bb-4798-952c-a50be8f1e8d6,revelations.agency,available,3.6,25.23,medium,low,11,porkbun,,,30/09/2026 15:02
59dd3396-19ba-4258-b2cd-39cb0b8d5341,divisive.agency,available,4.98,41.98,medium,low,8,namecheap,,,14/08/2026 12:32
e4f8e8d6-3f3b-4ae8-8693-e819e7b06bb1,brooklyn.agency,resell,,,high,low,8,"Sav.com, LLC - 29",07/09/2024 17:00,07/09/2027 17:00,26/09/2026 04:38
f4016785-ef1e-4868-bc4e-f26306f3b8ec,election.agency,resell,,,high,low,8,"Sav.com, LLC - 30",02/07/2026 15:16,02/07/2027 15:16,29/09/2026 17:51
10da4065-1304-4511-aff4-08180fd52660,footle.agency,available,4.98,41.98,medium,low,6,namecheap,,,11/09/2026 08:27
fa005ed3-94e9-4908-8efd-ef0143c161d3,branches.agency,available,9.99,30.99,medium,low,8,namesilo,,,28/09/2026 17:02
548bef9f-2ab0-4329-8b87-6ff0982aa503,sack.agency,available,4.98,41.98,high,low,4,namecheap,,,03/09/2026 15:56
ed087997-ced1-460e-ba9a-3f0061dbf96d,athwart.agency,available,4.98,41.98,medium,low,7,namecheap,,,13/09/2026 22:38
e5392143-c09f-449b-8ed7-66ced08ee598,theatres.agency,available,9.99,30.99,medium,low,8,namesilo,,,20/09/2026 19:41